2006-01-01,Turin,Bobsleigh,Bobsleigh,"ANNEN, Martin",Men,Four-Man,Bronze,Switzerland,SUI,8286976.0,80945.0792194742,winter,4.13,4.25,3.5,3.5,3.25,4.13,7.75,6.5,28.0,6.75,5.5,49.25
2006-01-01,Turin,Bobsleigh,Bobsleigh,"GRAND, Cedric",Men,Four-Man,Bronze,Switzerland,SUI,8286976.0,80945.0792194742,winter,4.13,4.25,3.5,3.5,3.25,4.13,7.75,6.5,28.0,6.75,5.5,49.25
2006-01-01,Turin,Bobsleigh,Bobsleigh,"HEFTI, Beat",Men,Four-Man,Bronze,Switzerland,SUI,8286976.0,80945.0792194742,winter,4.13,4.25,3.5,3.5,3.25,4.13,7.75,6.5,28.0,6.75,5.5,49.25
2006-01-01,Turin,Bobsleigh,Bobsleigh,"LAMPARTER, Thomas",Men,Four-Man,Bronze,Switzerland,SUI,8286976.0,80945.0792194742,winter,4.13,4.25,3.5,3.5,3.25,4.13,7.75,6.5,28.0,6.75,5.5,49.25
2006-01-01,Turin,Bobsleigh,Bobsleigh,"HOPPE, Rene",Men,Four-Man,Gold,Germany,GER,81413145.0,41313.3139945434,winter,4.13,4.25,3.5,3.5,3.25,4.13,7.75,6.5,28.0,6.75,5.5,49.25
2006-01-01,Turin,Bobsleigh,Bobsleigh,"KUSKE, Kevin",Men,Four-Man,Gold,Germany,GER,81413145.0,41313.3139945434,winter,4.13,4.25,3.5,3.5,3.25,4.13,7.75,6.5,28.0,6.75,5.5,49.25
2006-01-01,Turin,Bobsleigh,Bobsleigh,"LANGE, Andre",Men,Four-Man,Gold,Germany,GER,81413145.0,41313.3139945434,winter,4.13,4.25,3.5,3.5,3.25,4.13,7.75,6.5,28.0,6.75,5.5,49.25
2006-01-01,Turin,Bobsleigh,Bobsleigh,"PUTZE, Martin",Men,Four-Man,Gold,Germany,GER,81413145.0,41313.3139945434,winter,4.13,4.25,3.5,3.5,3.25,4.13,7.75,6.5,28.0,6.75,5.5,49.25
2006-01-01,Turin,Bobsleigh,Bobsleigh,"EGOROV, Filipp",Men,Four-Man,Silver,Russia,RUS,144096812.0,9092.580536068841,winter,4.13,4.25,3.5,3.5,3.25,4.13,7.75,6.5,28.0,6.75,5.5,49.25
2006-01-01,Turin,Bobsleigh,Bobsleigh,"SELIVERSTOV, Alexei",Men,Four-Man,Silver,Russia,RUS,144096812.0,9092.580536068841,winter,4.13,4.25,3.5,3.5,3.25,4.13,7.75,6.5,28.0,6.75,5.5,49.25
2006-01-01,Turin,Bobsleigh,Bobsleigh,"VOEVODA, Alexey",Men,Four-Man,Silver,Russia,RUS,144096812.0,9092.580536068841,winter,4.13,4.25,3.5,3.5,3.25,4.13,7.75,6.5,28.0,6.75,5.5,49.25
2006-01-01,Turin,Bobsleigh,Bobsleigh,"ZOUBKOV, Alexandre",Men,Four-Man,Silver,Russia,RUS,144096812.0,9092.580536068841,winter,4.13,4.25,3.5,3.5,3.25,4.13,7.75,6.5,28.0,6.75,5.5,49.25
2006-01-01,Turin,Bobsleigh,Bobsleigh,"ANNEN, Martin",Men,Two-Man,Bronze,Switzerland,SUI,8286976.0,80945.0792194742,winter,4.13,4.25,3.5,3.5,3.25,4.13,7.75,6.5,28.0,6.75,5.5,49.25
2006-01-01,Turin,Bobsleigh,Bobsleigh,"HEFTI, Beat",Men,Two-Man,Bronze,Switzerland,SUI,8286976.0,80945.0792194742,winter,4.13,4.25,3.5,3.5,3.25,4.13,7.75,6.5,28.0,6.75,5.5,49.25
2006-01-01,Turin,Bobsleigh,Bobsleigh,"KUSKE, Kevin",Men,Two-Man,Gold,Germany,GER,81413145.0,41313.3139945434,winter,4.13,4.25,3.5,3.5,3.25,4.13,7.75,6.5,28.0,6.75,5.5,49.25
2006-01-01,Turin,Bobsleigh,Bobsleigh,"LANGE, Andre",Men,Two-Man,Gold,Germany,GER,81413145.0,41313.3139945434,winter,4.13,4.25,3.5,3.5,3.25,4.13,7.75,6.5,28.0,6.75,5.5,49.25
2006-01-01,Turin,Bobsleigh,Bobsleigh,"BROWN, Lascelles",Men,Two-Man,Silver,Canada,CAN,35851774.0,43248.529909341,winter,4.13,4.25,3.5,3.5,3.25,4.13,7.75,6.5,28.0,6.75,5.5,49.25
2006-01-01,Turin,Bobsleigh,Bobsleigh,"LUEDERS, Pierre",Men,Two-Man,Silver,Canada,CAN,35851774.0,43248.529909341,winter,4.13,4.25,3.5,3.5,3.25,4.13,7.75,6.5,28.0,6.75,5.5,49.25
2006-01-01,Turin,Bobsleigh,Bobsleigh,"ISACCO, Jennifer",Women,Two-Man,Bronze,Italy,ITA,60802085.0,29957.804315437203,winter,4.13,4.25,3.5,3.5,3.25,4.13,7.75,6.5,28.0,6.75,5.5,49.25
2006-01-01,Turin,Bobsleigh,Bobsleigh,"WEISSENSTEINER, Gerda",Women,Two-Man,Bronze,Italy,ITA,60802085.0,29957.804315437203,winter,4.13,4.25,3.5,3.5,3.25,4.13,7.75,6.5,28.0,6.75,5.5,49.25
2006-01-01,Turin,Bobsleigh,Bobsleigh,"KIRIASIS, Sandra",Women,Two-Man,Gold,Germany,GER,81413145.0,41313.3139945434,winter,4.13,4.25,3.5,3.5,3.25,4.13,7.75,6.5,28.0,6.75,5.5,49.25
2006-01-01,Turin,Bobsleigh,Bobsleigh,"SCHNEIDERHEINZE, Anja",Women,Two-Man,Gold,Germany,GER,81413145.0,41313.3139945434,winter,4.13,4.25,3.5,3.5,3.25,4.13,7.75,6.5,28.0,6.75,5.5,49.25
2006-01-01,Turin,Bobsleigh,Bobsleigh,"FLEMING, Valerie",Women,Two-Man,Silver,United States,USA,321418820.0,56115.7184261955,winter,4.13,4.25,3.5,3.5,3.25,4.13,7.75,6.5,28.0,6.75,5.5,49.25
2006-01-01,Turin,Bobsleigh,Bobsleigh,"ROHBOCK, Shauna",Women,Two-Man,Silver,United States,USA,321418820.0,56115.7184261955,winter,4.13,4.25,3.5,3.5,3.25,4.13,7.75,6.5,28.0,6.75,5.5,49.25
2006-01-01,Turin,Curling,Curling,"BAIRD, Scott",Men,Curling,Bronze,United States,USA,321418820.0,56115.7184261955,winter,2.25,5.63,1.5,2.25,2.63,4.88,1.75,2.5,56.0,1.5,2.63,27.5
2006-01-01,Turin,Curling,Curling,"FENSON, Pete",Men,Curling,Bronze,United States,USA,321418820.0,56115.7184261955,winter,2.25,5.63,1.5,2.25,2.63,4.88,1.75,2.5,56.0,1.5,2.63,27.5
2006-01-01,Turin,Curling,Curling,"POLO, Joe",Men,Curling,Bronze,United States,USA,321418820.0,56115.7184261955,winter,2.25,5.63,1.5,2.25,2.63,4.88,1.75,2.5,56.0,1.5,2.63,27.5
2006-01-01,Turin,Curling,Curling,"ROJESKI, Shawn",Men,Curling,Bronze,United States,USA,321418820.0,56115.7184261955,winter,2.25,5.63,1.5,2.25,2.63,4.88,1.75,2.5,56.0,1.5,2.63,27.5
2006-01-01,Turin,Curling,Curling,"SHUSTER, John",Men,Curling,Bronze,United States,USA,321418820.0,56115.7184261955,winter,2.25,5.63,1.5,2.25,2.63,4.88,1.75,2.5,56.0,1.5,2.63,27.5
2006-01-01,Turin,Curling,Curling,"ADAM, Mike",Men,Curling,Gold,Canada,CAN,35851774.0,43248.529909341,winter,2.25,5.63,1.5,2.25,2.63,4.88,1.75,2.5,56.0,1.5,2.63,27.5
2006-01-01,Turin,Curling,Curling,"GUSHUE, Brad",Men,Curling,Gold,Canada,CAN,35851774.0,43248.529909341,winter,2.25,5.63,1.5,2.25,2.63,4.88,1.75,2.5,56.0,1.5,2.63,27.5
2006-01-01,Turin,Curling,Curling,"HOWARD, Russ",Men,Curling,Gold,Canada,CAN,35851774.0,43248.529909341,winter,2.25,5.63,1.5,2.25,2.63,4.88,1.75,2.5,56.0,1.5,2.63,27.5
2006-01-01,Turin,Curling,Curling,"KORAB, Jamie",Men,Curling,Gold,Canada,CAN,35851774.0,43248.529909341,winter,2.25,5.63,1.5,2.25,2.63,4.88,1.75,2.5,56.0,1.5,2.63,27.5
2006-01-01,Turin,Curling,Curling,"NICHOLS, Mark",Men,Curling,Gold,Canada,CAN,35851774.0,43248.529909341,winter,2.25,5.63,1.5,2.25,2.63,4.88,1.75,2.5,56.0,1.5,2.63,27.5
2006-01-01,Turin,Curling,Curling,"KIISKINEN, Kalle",Men,Curling,Silver,Finland,FIN,5482013.0,42311.0362306446,winter,2.25,5.63,1.5,2.25,2.63,4.88,1.75,2.5,56.0,1.5,2.63,27.5
2006-01-01,Turin,Curling,Curling,"MAKELA, Wille",Men,Curling,Silver,Finland,FIN,5482013.0,42311.0362306446,winter,2.25,5.63,1.5,2.25,2.63,4.88,1.75,2.5,56.0,1.5,2.63,27.5
2006-01-01,Turin,Curling,Curling,"SALO, Teemu",Men,Curling,Silver,Finland,FIN,5482013.0,42311.0362306446,winter,2.25,5.63,1.5,2.25,2.63,4.88,1.75,2.5,56.0,1.5,2.63,27.5
2006-01-01,Turin,Curling,Curling,"SULLANMAA, Jani",Men,Curling,Silver,Finland,FIN,5482013.0,42311.0362306446,winter,2.25,5.63,1.5,2.25,2.63,4.88,1.75,2.5,56.0,1.5,2.63,27.5
2006-01-01,Turin,Curling,Curling,"UUSIPAAVALNIEMI, Markku",Men,Curling,Silver,Finland,FIN,5482013.0,42311.0362306446,winter,2.25,5.63,1.5,2.25,2.63,4.88,1.75,2.5,56.0,1.5,2.63,27.5
2006-01-01,Turin,Curling,Curling,"BAKKER, Glenys",Women,Curling,Bronze,Canada,CAN,35851774.0,43248.529909341,winter,2.25,5.63,1.5,2.25,2.63,4.88,1.75,2.5,56.0,1.5,2.63,27.5
2006-01-01,Turin,Curling,Curling,"JENKINS, Sandra",Women,Curling,Bronze,Canada,CAN,35851774.0,43248.529909341,winter,2.25,5.63,1.5,2.25,2.63,4.88,1.75,2.5,56.0,1.5,2.63,27.5
2006-01-01,Turin,Curling,Curling,"KESHEN, Christine",Women,Curling,Bronze,Canada,CAN,35851774.0,43248.529909341,winter,2.25,5.63,1.5,2.25,2.63,4.88,1.75,2.5,56.0,1.5,2.63,27.5
2006-01-01,Turin,Curling,Curling,"KLEIBRINK, Shannon",Women,Curling,Bronze,Canada,CAN,35851774.0,43248.529909341,winter,2.25,5.63,1.5,2.25,2.63,4.88,1.75,2.5,56.0,1.5,2.63,27.5
2006-01-01,Turin,Curling,Curling,"NIXON, Amy",Women,Curling,Bronze,Canada,CAN,35851774.0,43248.529909341,winter,2.25,5.63,1.5,2.25,2.63,4.88,1.75,2.5,56.0,1.5,2.63,27.5
2006-01-01,Turin,Curling,Curling,"BERGMAN, Ulrika",Women,Curling,Gold,Sweden,SWE,9798871.0,50579.67364867769,winter,2.25,5.63,1.5,2.25,2.63,4.88,1.75,2.5,56.0,1.5,2.63,27.5
2006-01-01,Turin,Curling,Curling,"LINDAHL, Cathrine",Women,Curling,Gold,Sweden,SWE,9798871.0,50579.67364867769,winter,2.25,5.63,1.5,2.25,2.63,4.88,1.75,2.5,56.0,1.5,2.63,27.5
2006-01-01,Turin,Curling,Curling,"LUND, Eva",Women,Curling,Gold,Sweden,SWE,9798871.0,50579.67364867769,winter,2.25,5.63,1.5,2.25,2.63,4.88,1.75,2.5,56.0,1.5,2.63,27.5
2006-01-01,Turin,Curling,Curling,"NORBERG, Anette",Women,Curling,Gold,Sweden,SWE,9798871.0,50579.67364867769,winter,2.25,5.63,1.5,2.25,2.63,4.88,1.75,2.5,56.0,1.5,2.63,27.5
2006-01-01,Turin,Curling,Curling,"SVAERD, Anna",Women,Curling,Gold,Sweden,SWE,9798871.0,50579.67364867769,winter,2.25,5.63,1.5,2.25,2.63,4.88,1.75,2.5,56.0,1.5,2.63,27.5
2006-01-01,Turin,Curling,Curling,"BEELI, Binia",Women,Curling,Silver,Switzerland,SUI,8286976.0,80945.0792194742,winter,2.25,5.63,1.5,2.25,2.63,4.88,1.75,2.5,56.0,1.5,2.63,27.5
2006-01-01,Turin,Curling,Curling,"KORMANN, Manuela",Women,Curling,Silver,Switzerland,SUI,8286976.0,80945.0792194742,winter,2.25,5.63,1.5,2.25,2.63,4.88,1.75,2.5,56.0,1.5,2.63,27.5
2006-01-01,Turin,Curling,Curling,"MOSER, Michele",Women,Curling,Silver,Switzerland,SUI,8286976.0,80945.0792194742,winter,2.25,5.63,1.5,2.25,2.63,4.88,1.75,2.5,56.0,1.5,2.63,27.5
2006-01-01,Turin,Curling,Curling,"OTT, Mirjam",Women,Curling,Silver,Switzerland,SUI,8286976.0,80945.0792194742,winter,2.25,5.63,1.5,2.25,2.63,4.88,1.75,2.5,56.0,1.5,2.63,27.5
2006-01-01,Turin,Curling,Curling,"SPAELTY, Valeria",Women,Curling,Silver,Switzerland,SUI,8286976.0,80945.0792194742,winter,2.25,5.63,1.5,2.25,2.63,4.88,1.75,2.5,56.0,1.5,2.63,27.5
2006-01-01,Turin,Ice Hockey,Ice Hockey,"BULIS, Jan",Men,Ice Hockey,Bronze,Czech Republic,CZE,10551219.0,17548.3382129701,winter,7.63,7.5,8.25,7.25,4.88,7.5,6.0,7.88,2.0,7.75,7.13,71.75
2006-01-01,Turin,Ice Hockey,Ice Hockey,"CAJANEK, Petr",Men,Ice Hockey,Bronze,Czech Republic,CZE,10551219.0,17548.3382129701,winter,7.63,7.5,8.25,7.25,4.88,7.5,6.0,7.88,2.0,7.75,7.13,71.75
2006-01-01,Turin,Ice Hockey,Ice Hockey,"ELIAS, Patrik",Men,Ice Hockey,Bronze,Czech Republic,CZE,10551219.0,17548.3382129701,winter,7.63,7.5,8.25,7.25,4.88,7.5,6.0,7.88,2.0,7.75,7.13,71.75
2006-01-01,Turin,Ice Hockey,Ice Hockey,"ERAT, Martin",Men,Ice Hockey,Bronze,Czech Republic,CZE,10551219.0,17548.3382129701,winter,7.63,7.5,8.25,7.25,4.88,7.5,6.0,7.88,2.0,7.75,7.13,71.75
2006-01-01,Turin,Ice Hockey,Ice Hockey,"HASEK, Dominik",Men,Ice Hockey,Bronze,Czech Republic,CZE,10551219.0,17548.3382129701,winter,7.63,7.5,8.25,7.25,4.88,7.5,6.0,7.88,2.0,7.75,7.13,71.75
2006-01-01,Turin,Ice Hockey,Ice Hockey,"HEJDUK, Milan",Men,Ice Hockey,Bronze,Czech Republic,CZE,10551219.0,17548.3382129701,winter,7.63,7.5,8.25,7.25,4.88,7.5,6.0,7.88,2.0,7.75,7.13,71.75
2006-01-01,Turin,Ice Hockey,Ice Hockey,"HEMSKY, Ales",Men,Ice Hockey,Bronze,Czech Republic,CZE,10551219.0,17548.3382129701,winter,7.63,7.5,8.25,7.25,4.88,7.5,6.0,7.88,2.0,7.75,7.13,71.75
2006-01-01,Turin,Ice Hockey,Ice Hockey,"HNILICKA, Milan",Men,Ice Hockey,Bronze,Czech Republic,CZE,10551219.0,17548.3382129701,winter,7.63,7.5,8.25,7.25,4.88,7.5,6.0,7.88,2.0,7.75,7.13,71.75
2006-01-01,Turin,Ice Hockey,Ice Hockey,"JAGR, Jaromir",Men,Ice Hockey,Bronze,Czech Republic,CZE,10551219.0,17548.3382129701,winter,7.63,7.5,8.25,7.25,4.88,7.5,6.0,7.88,2.0,7.75,7.13,71.75
2006-01-01,Turin,Ice Hockey,Ice Hockey,"KABERLE, Frantisek",Men,Ice Hockey,Bronze,Czech Republic,CZE,10551219.0,17548.3382129701,winter,7.63,7.5,8.25,7.25,4.88,7.5,6.0,7.88,2.0,7.75,7.13,71.75
2006-01-01,Turin,Ice Hockey,Ice Hockey,"KABERLE, Tomas",Men,Ice Hockey,Bronze,Czech Republic,CZE,10551219.0,17548.3382129701,winter,7.63,7.5,8.25,7.25,4.88,7.5,6.0,7.88,2.0,7.75,7.13,71.75
2006-01-01,Turin,Ice Hockey,Ice Hockey,"KOTALIK, Ales",Men,Ice Hockey,Bronze,Czech Republic,CZE,10551219.0,17548.3382129701,winter,7.63,7.5,8.25,7.25,4.88,7.5,6.0,7.88,2.0,7.75,7.13,71.75
2006-01-01,Turin,Ice Hockey,Ice Hockey,"KUBA, Filip",Men,Ice Hockey,Bronze,Czech Republic,CZE,10551219.0,17548.3382129701,winter,7.63,7.5,8.25,7.25,4.88,7.5,6.0,7.88,2.0,7.75,7.13,71.75
2006-01-01,Turin,Ice Hockey,Ice Hockey,"KUBINA, Pavel",Men,Ice Hockey,Bronze,Czech Republic,CZE,10551219.0,17548.3382129701,winter,7.63,7.5,8.25,7.25,4.88,7.5,6.0,7.88,2.0,7.75,7.13,71.75
2006-01-01,Turin,Ice Hockey,Ice Hockey,"LANG, Robert",Men,Ice Hockey,Bronze,Czech Republic,CZE,10551219.0,17548.3382129701,winter,7.63,7.5,8.25,7.25,4.88,7.5,6.0,7.88,2.0,7.75,7.13,71.75
2006-01-01,Turin,Ice Hockey,Ice Hockey,"MALIK, Marek",Men,Ice Hockey,Bronze,Czech Republic,CZE,10551219.0,17548.3382129701,winter,7.63,7.5,8.25,7.25,4.88,7.5,6.0,7.88,2.0,7.75,7.13,71.75
2006-01-01,Turin,Ice Hockey,Ice Hockey,"OLESZ, Rostislav",Men,Ice Hockey,Bronze,Czech Republic,CZE,10551219.0,17548.3382129701,winter,7.63,7.5,8.25,7.25,4.88,7.5,6.0,7.88,2.0,7.75,7.13,71.75
2006-01-01,Turin,Ice Hockey,Ice Hockey,"PROSPAL, Vaclav",Men,Ice Hockey,Bronze,Czech Republic,CZE,10551219.0,17548.3382129701,winter,7.63,7.5,8.25,7.25,4.88,7.5,6.0,7.88,2.0,7.75,7.13,71.75
2006-01-01,Turin,Ice Hockey,Ice Hockey,"RUCINSKY, Martin",Men,Ice Hockey,Bronze,Czech Republic,CZE,10551219.0,17548.3382129701,winter,7.63,7.5,8.25,7.25,4.88,7.5,6.0,7.88,2.0,7.75,7.13,71.75
2006-01-01,Turin,Ice Hockey,Ice Hockey,"SALFICKY, Dusan",Men,Ice Hockey,Bronze,Czech Republic,CZE,10551219.0,17548.3382129701,winter,7.63,7.5,8.25,7.25,4.88,7.5,6.0,7.88,2.0,7.75,7.13,71.75
2006-01-01,Turin,Ice Hockey,Ice Hockey,"SPACEK, Jaroslav",Men,Ice Hockey,Bronze,Czech Republic,CZE,10551219.0,17548.3382129701,winter,7.63,7.5,8.25,7.25,4.88,7.5,6.0,7.88,2.0,7.75,7.13,71.75
2006-01-01,Turin,Ice Hockey,Ice Hockey,"STRAKA, Martin",Men,Ice Hockey,Bronze,Czech Republic,CZE,10551219.0,17548.3382129701,winter,7.63,7.5,8.25,7.25,4.88,7.5,6.0,7.88,2.0,7.75,7.13,71.75
2006-01-01,Turin,Ice Hockey,Ice Hockey,"VOKOUN, Tomas",Men,Ice Hockey,Bronze,Czech Republic,CZE,10551219.0,17548.3382129701,winter,7.63,7.5,8.25,7.25,4.88,7.5,6.0,7.88,2.0,7.75,7.13,71.75
2006-01-01,Turin,Ice Hockey,Ice Hockey,"VYBORNY, David",Men,Ice Hockey,Bronze,Czech Republic,CZE,10551219.0,17548.3382129701,winter,7.63,7.5,8.25,7.25,4.88,7.5,6.0,7.88,2.0,7.75,7.13,71.75
2006-01-01,Turin,Ice Hockey,Ice Hockey,"ZIDLICKY, Marek",Men,Ice Hockey,Bronze,Czech Republic,CZE,10551219.0,17548.3382129701,winter,7.63,7.5,8.25,7.25,4.88,7.5,6.0,7.88,2.0,7.75,7.13,71.75
2006-01-01,Turin,Ice Hockey,Ice Hockey,"ALFREDSSON, Daniel",Men,Ice Hockey,Gold,Sweden,SWE,9798871.0,50579.67364867769,winter,7.63,7.5,8.25,7.25,4.88,7.5,6.0,7.88,2.0,7.75,7.13,71.75
2006-01-01,Turin,Ice Hockey,Ice Hockey,"AXELSSON, Per Johan",Men,Ice Hockey,Gold,Sweden,SWE,9798871.0,50579.67364867769,winter,7.63,7.5,8.25,7.25,4.88,7.5,6.0,7.88,2.0,7.75,7.13,71.75
2006-01-01,Turin,Ice Hockey,Ice Hockey,"BACKMAN, Christian",Men,Ice Hockey,Gold,Sweden,SWE,9798871.0,50579.67364867769,winter,7.63,7.5,8.25,7.25,4.88,7.5,6.0,7.88,2.0,7.75,7.13,71.75
2006-01-01,Turin,Ice Hockey,Ice Hockey,"FORSBERG, Peter",Men,Ice Hockey,Gold,Sweden,SWE,9798871.0,50579.67364867769,winter,7.63,7.5,8.25,7.25,4.88,7.5,6.0,7.88,2.0,7.75,7.13,71.75
2006-01-01,Turin,Ice Hockey,Ice Hockey,"HANNULA, Mika",Men,Ice Hockey,Gold,Sweden,SWE,9798871.0,50579.67364867769,winter,7.63,7.5,8.25,7.25,4.88,7.5,6.0,7.88,2.0,7.75,7.13,71.75
2006-01-01,Turin,Ice Hockey,Ice Hockey,"HAVELID, Niclas",Men,Ice Hockey,Gold,Sweden,SWE,9798871.0,50579.67364867769,winter,7.63,7.5,8.25,7.25,4.88,7.5,6.0,7.88,2.0,7.75,7.13,71.75
2006-01-01,Turin,Ice Hockey,Ice Hockey,"HOLMSTROM, Tomas",Men,Ice Hockey,Gold,Sweden,SWE,9798871.0,50579.67364867769,winter,7.63,7.5,8.25,7.25,4.88,7.5,6.0,7.88,2.0,7.75,7.13,71.75
2006-01-01,Turin,Ice Hockey,Ice Hockey,"JONSSON, Jorgen",Men,Ice Hockey,Gold,Sweden,SWE,9798871.0,50579.67364867769,winter,7.63,7.5,8.25,7.25,4.88,7.5,6.0,7.88,2.0,7.75,7.13,71.75
2006-01-01,Turin,Ice Hockey,Ice Hockey,"JONSSON, Kenny",Men,Ice Hockey,Gold,Sweden,SWE,9798871.0,50579.67364867769,winter,7.63,7.5,8.25,7.25,4.88,7.5,6.0,7.88,2.0,7.75,7.13,71.75
2006-01-01,Turin,Ice Hockey,Ice Hockey,"KRONWALL, Niklas",Men,Ice Hockey,Gold,Sweden,SWE,9798871.0,50579.67364867769,winter,7.63,7.5,8.25,7.25,4.88,7.5,6.0,7.88,2.0,7.75,7.13,71.75
2006-01-01,Turin,Ice Hockey,Ice Hockey,"LIDSTROM, Nicklas",Men,Ice Hockey,Gold,Sweden,SWE,9798871.0,50579.67364867769,winter,7.63,7.5,8.25,7.25,4.88,7.5,6.0,7.88,2.0,7.75,7.13,71.75
2006-01-01,Turin,Ice Hockey,Ice Hockey,"LIV, Stefan",Men,Ice Hockey,Gold,Sweden,SWE,9798871.0,50579.67364867769,winter,7.63,7.5,8.25,7.25,4.88,7.5,6.0,7.88,2.0,7.75,7.13,71.75
2006-01-01,Turin,Ice Hockey,Ice Hockey,"LUNDQVIST, Henrik",Men,Ice Hockey,Gold,Sweden,SWE,9798871.0,50579.67364867769,winter,7.63,7.5,8.25,7.25,4.88,7.5,6.0,7.88,2.0,7.75,7.13,71.75
2006-01-01,Turin,Ice Hockey,Ice Hockey,"MODIN, Fredrik",Men,Ice Hockey,Gold,Sweden,SWE,9798871.0,50579.67364867769,winter,7.63,7.5,8.25,7.25,4.88,7.5,6.0,7.88,2.0,7.75,7.13,71.75
2006-01-01,Turin,Ice Hockey,Ice Hockey,"OHLUND, Mattias",Men,Ice Hockey,Gold,Sweden,SWE,9798871.0,50579.67364867769,winter,7.63,7.5,8.25,7.25,4.88,7.5,6.0,7.88,2.0,7.75,7.13,71.75
2006-01-01,Turin,Ice Hockey,Ice Hockey,"PAHLSSON, Samuel",Men,Ice Hockey,Gold,Sweden,SWE,9798871.0,50579.67364867769,winter,7.63,7.5,8.25,7.25,4.88,7.5,6.0,7.88,2.0,7.75,7.13,71.75
2006-01-01,Turin,Ice Hockey,Ice Hockey,"SAMUELSSON, Mikael",Men,Ice Hockey,Gold,Sweden,SWE,9798871.0,50579.67364867769,winter,7.63,7.5,8.25,7.25,4.88,7.5,6.0,7.88,2.0,7.75,7.13,71.75
2006-01-01,Turin,Ice Hockey,Ice Hockey,"SEDIN, Daniel",Men,Ice Hockey,Gold,Sweden,SWE,9798871.0,50579.67364867769,winter,7.63,7.5,8.25,7.25,4.88,7.5,6.0,7.88,2.0,7.75,7.13,71.75
2006-01-01,Turin,Ice Hockey,Ice Hockey,"SEDIN, Henrik",Men,Ice Hockey,Gold,Sweden,SWE,9798871.0,50579.67364867769,winter,7.63,7.5,8.25,7.25,4.88,7.5,6.0,7.88,2.0,7.75,7.13,71.75
2006-01-01,Turin,Ice Hockey,Ice Hockey,"SUNDIN, Mats",Men,Ice Hockey,Gold,Sweden,SWE,9798871.0,50579.67364867769,winter,7.63,7.5,8.25,7.25,4.88,7.5,6.0,7.88,2.0,7.75,7.13,71.75
2006-01-01,Turin,Ice Hockey,Ice Hockey,"SUNDIN, Ronnie",Men,Ice Hockey,Gold,Sweden,SWE,9798871.0,50579.67364867769,winter,7.63,7.5,8.25,7.25,4.88,7.5,6.0,7.88,2.0,7.75,7.13,71.75
2006-01-01,Turin,Ice Hockey,Ice Hockey,"TELLQVIST, Mikael",Men,Ice Hockey,Gold,Sweden,SWE,9798871.0,50579.67364867769,winter,7.63,7.5,8.25,7.25,4.88,7.5,6.0,7.88,2.0,7.75,7.13,71.75
2006-01-01,Turin,Ice Hockey,Ice Hockey,"TJARNQVIST, Daniel",Men,Ice Hockey,Gold,Sweden,SWE,9798871.0,50579.67364867769,winter,7.63,7.5,8.25,7.25,4.88,7.5,6.0,7.88,2.0,7.75,7.13,71.75
2006-01-01,Turin,Ice Hockey,Ice Hockey,"ZETTERBERG, Henrik",Men,Ice Hockey,Gold,Sweden,SWE,9798871.0,50579.67364867769,winter,7.63,7.5,8.25,7.25,4.88,7.5,6.0,7.88,2.0,7.75,7.13,71.75
2006-01-01,Turin,Ice Hockey,Ice Hockey,"BACKSTROM, Niklas",Men,Ice Hockey,Silver,Finland,FIN,5482013.0,42311.0362306446,winter,7.63,7.5,8.25,7.25,4.88,7.5,6.0,7.88,2.0,7.75,7.13,71.75
2006-01-01,Turin,Ice Hockey,Ice Hockey,"BERG, Aki-Petteri",Men,Ice Hockey,Silver,Finland,FIN,5482013.0,42311.0362306446,winter,7.63,7.5,8.25,7.25,4.88,7.5,6.0,7.88,2.0,7.75,7.13,71.75
2006-01-01,Turin,Ice Hockey,Ice Hockey,"HAGMAN, Niklas",Men,Ice Hockey,Silver,Finland,FIN,5482013.0,42311.0362306446,winter,7.63,7.5,8.25,7.25,4.88,7.5,6.0,7.88,2.0,7.75,7.13,71.75
2006-01-01,Turin,Ice Hockey,Ice Hockey,"HENTUNEN, Jukka",Men,Ice Hockey,Silver,Finland,FIN,5482013.0,42311.0362306446,winter,7.63,7.5,8.25,7.25,4.88,7.5,6.0,7.88,2.0,7.75,7.13,71.75
2006-01-01,Turin,Ice Hockey,Ice Hockey,"JOKINEN, Jussi",Men,Ice Hockey,Silver,Finland,FIN,5482013.0,42311.0362306446,winter,7.63,7.5,8.25,7.25,4.88,7.5,6.0,7.88,2.0,7.75,7.13,71.75
2006-01-01,Turin,Ice Hockey,Ice Hockey,"JOKINEN, Olli",Men,Ice Hockey,Silver,Finland,FIN,5482013.0,42311.0362306446,winter,7.63,7.5,8.25,7.25,4.88,7.5,6.0,7.88,2.0,7.75,7.13,71.75
2006-01-01,Turin,Ice Hockey,Ice Hockey,"KAPANEN, Niko",Men,Ice Hockey,Silver,Finland,FIN,5482013.0,42311.0362306446,winter,7.63,7.5,8.25,7.25,4.88,7.5,6.0,7.88,2.0,7.75,7.13,71.75
2006-01-01,Turin,Ice Hockey,Ice Hockey,"KOIVU, Mikko",Men,Ice Hockey,Silver,Finland,FIN,5482013.0,42311.0362306446,winter,7.63,7.5,8.25,7.25,4.88,7.5,6.0,7.88,2.0,7.75,7.13,71.75
2006-01-01,Turin,Ice Hockey,Ice Hockey,"KOIVU, Saku",Men,Ice Hockey,Silver,Finland,FIN,5482013.0,42311.0362306446,winter,7.63,7.5,8.25,7.25,4.88,7.5,6.0,7.88,2.0,7.75,7.13,71.75
2006-01-01,Turin,Ice Hockey,Ice Hockey,"KUKKONEN, Lasse",Men,Ice Hockey,Silver,Finland,FIN,5482013.0,42311.0362306446,winter,7.63,7.5,8.25,7.25,4.88,7.5,6.0,7.88,2.0,7.75,7.13,71.75
2006-01-01,Turin,Ice Hockey,Ice Hockey,"LAAKSONEN, Antti",Men,Ice Hockey,Silver,Finland,FIN,5482013.0,42311.0362306446,winter,7.63,7.5,8.25,7.25,4.88,7.5,6.0,7.88,2.0,7.75,7.13,71.75
2006-01-01,Turin,Ice Hockey,Ice Hockey,"LEHTINEN, Jere",Men,Ice Hockey,Silver,Finland,FIN,5482013.0,42311.0362306446,winter,7.63,7.5,8.25,7.25,4.88,7.5,6.0,7.88,2.0,7.75,7.13,71.75
2006-01-01,Turin,Ice Hockey,Ice Hockey,"LYDMAN, Toni",Men,Ice Hockey,Silver,Finland,FIN,5482013.0,42311.0362306446,winter,7.63,7.5,8.25,7.25,4.88,7.5,6.0,7.88,2.0,7.75,7.13,71.75
2006-01-01,Turin,Ice Hockey,Ice Hockey,"NIEMI, Antti-Jussi",Men,Ice Hockey,Silver,Finland,FIN,5482013.0,42311.0362306446,winter,7.63,7.5,8.25,7.25,4.88,7.5,6.0,7.88,2.0,7.75,7.13,71.75
2006-01-01,Turin,Ice Hockey,Ice Hockey,"NIEMINEN, Ville",Men,Ice Hockey,Silver,Finland,FIN,5482013.0,42311.0362306446,winter,7.63,7.5,8.25,7.25,4.88,7.5,6.0,7.88,2.0,7.75,7.13,71.75
2006-01-01,Turin,Ice Hockey,Ice Hockey,"NIITTYMAKI, Antero",Men,Ice Hockey,Silver,Finland,FIN,5482013.0,42311.0362306446,winter,7.63,7.5,8.25,7.25,4.88,7.5,6.0,7.88,2.0,7.75,7.13,71.75
2006-01-01,Turin,Ice Hockey,Ice Hockey,"NORRENA, Fredrik",Men,Ice Hockey,Silver,Finland,FIN,5482013.0,42311.0362306446,winter,7.63,7.5,8.25,7.25,4.88,7.5,6.0,7.88,2.0,7.75,7.13,71.75
2006-01-01,Turin,Ice Hockey,Ice Hockey,"NUMMELIN, Petteri",Men,Ice Hockey,Silver,Finland,FIN,5482013.0,42311.0362306446,winter,7.63,7.5,8.25,7.25,4.88,7.5,6.0,7.88,2.0,7.75,7.13,71.75
2006-01-01,Turin,Ice Hockey,Ice Hockey,"NUMMINEN, Teppo",Men,Ice Hockey,Silver,Finland,FIN,5482013.0,42311.0362306446,winter,7.63,7.5,8.25,7.25,4.88,7.5,6.0,7.88,2.0,7.75,7.13,71.75
2006-01-01,Turin,Ice Hockey,Ice Hockey,"PELTONEN, Ville",Men,Ice Hockey,Silver,Finland,FIN,5482013.0,42311.0362306446,winter,7.63,7.5,8.25,7.25,4.88,7.5,6.0,7.88,2.0,7.75,7.13,71.75
2006-01-01,Turin,Ice Hockey,Ice Hockey,"RUUTU, Jarkko",Men,Ice Hockey,Silver,Finland,FIN,5482013.0,42311.0362306446,winter,7.63,7.5,8.25,7.25,4.88,7.5,6.0,7.88,2.0,7.75,7.13,71.75
2006-01-01,Turin,Ice Hockey,Ice Hockey,"SALO, Sami",Men,Ice Hockey,Silver,Finland,FIN,5482013.0,42311.0362306446,winter,7.63,7.5,8.25,7.25,4.88,7.5,6.0,7.88,2.0,7.75,7.13,71.75
2006-01-01,Turin,Ice Hockey,Ice Hockey,"SELANNE, Teemu",Men,Ice Hockey,Silver,Finland,FIN,5482013.0,42311.0362306446,winter,7.63,7.5,8.25,7.25,4.88,7.5,6.0,7.88,2.0,7.75,7.13,71.75
2006-01-01,Turin,Ice Hockey,Ice Hockey,"TIMONEN, Kimmo",Men,Ice Hockey,Silver,Finland,FIN,5482013.0,42311.0362306446,winter,7.63,7.5,8.25,7.25,4.88,7.5,6.0,7.88,2.0,7.75,7.13,71.75
2006-01-01,Turin,Ice Hockey,Ice Hockey,"CAHOW, Caitlin",Women,Ice Hockey,Bronze,United States,USA,321418820.0,56115.7184261955,winter,7.63,7.5,8.25,7.25,4.88,7.5,6.0,7.88,2.0,7.75,7.13,71.75
2006-01-01,Turin,Ice Hockey,Ice Hockey,"CHU, Julie",Women,Ice Hockey,Bronze,United States,USA,321418820.0,56115.7184261955,winter,7.63,7.5,8.25,7.25,4.88,7.5,6.0,7.88,2.0,7.75,7.13,71.75
2006-01-01,Turin,Ice Hockey,Ice Hockey,"DARWITZ, Natalie",Women,Ice Hockey,Bronze,United States,USA,321418820.0,56115.7184261955,winter,7.63,7.5,8.25,7.25,4.88,7.5,6.0,7.88,2.0,7.75,7.13,71.75
2006-01-01,Turin,Ice Hockey,Ice Hockey,"DREYER, Pam",Women,Ice Hockey,Bronze,United States,USA,321418820.0,56115.7184261955,winter,7.63,7.5,8.25,7.25,4.88,7.5,6.0,7.88,2.0,7.75,7.13,71.75
2006-01-01,Turin,Ice Hockey,Ice Hockey,"DUNN-LUOMA, Tricia",Women,Ice Hockey,Bronze,United States,USA,321418820.0,56115.7184261955,winter,7.63,7.5,8.25,7.25,4.88,7.5,6.0,7.88,2.0,7.75,7.13,71.75
2006-01-01,Turin,Ice Hockey,Ice Hockey,"ENGSTROM, Molly",Women,Ice Hockey,Bronze,United States,USA,321418820.0,56115.7184261955,winter,7.63,7.5,8.25,7.25,4.88,7.5,6.0,7.88,2.0,7.75,7.13,71.75
2006-01-01,Turin,Ice Hockey,Ice Hockey,"GUNN, Chanda",Women,Ice Hockey,Bronze,United States,USA,321418820.0,56115.7184261955,winter,7.63,7.5,8.25,7.25,4.88,7.5,6.0,7.88,2.0,7.75,7.13,71.75
2006-01-01,Turin,Ice Hockey,Ice Hockey,"HAGERMAN, Jamie",Women,Ice Hockey,Bronze,United States,USA,321418820.0,56115.7184261955,winter,7.63,7.5,8.25,7.25,4.88,7.5,6.0,7.88,2.0,7.75,7.13,71.75
2006-01-01,Turin,Ice Hockey,Ice Hockey,"INSALACO, Kim",Women,Ice Hockey,Bronze,United States,USA,321418820.0,56115.7184261955,winter,7.63,7.5,8.25,7.25,4.88,7.5,6.0,7.88,2.0,7.75,7.13,71.75
2006-01-01,Turin,Ice Hockey,Ice Hockey,"KAUTH, Kathleen",Women,Ice Hockey,Bronze,United States,USA,321418820.0,56115.7184261955,winter,7.63,7.5,8.25,7.25,4.88,7.5,6.0,7.88,2.0,7.75,7.13,71.75
2006-01-01,Turin,Ice Hockey,Ice Hockey,"KENNEDY, Courtney",Women,Ice Hockey,Bronze,United States,USA,321418820.0,56115.7184261955,winter,7.63,7.5,8.25,7.25,4.88,7.5,6.0,7.88,2.0,7.75,7.13,71.75
2006-01-01,Turin,Ice Hockey,Ice Hockey,"KING, Katie",Women,Ice Hockey,Bronze,United States,USA,321418820.0,56115.7184261955,winter,7.63,7.5,8.25,7.25,4.88,7.5,6.0,7.88,2.0,7.75,7.13,71.75
2006-01-01,Turin,Ice Hockey,Ice Hockey,"KING, Kristin",Women,Ice Hockey,Bronze,United States,USA,321418820.0,56115.7184261955,winter,7.63,7.5,8.25,7.25,4.88,7.5,6.0,7.88,2.0,7.75,7.13,71.75
2006-01-01,Turin,Ice Hockey,Ice Hockey,"PARSONS, Sarah",Women,Ice Hockey,Bronze,United States,USA,321418820.0,56115.7184261955,winter,7.63,7.5,8.25,7.25,4.88,7.5,6.0,7.88,2.0,7.75,7.13,71.75
2006-01-01,Turin,Ice Hockey,Ice Hockey,"POTTER, Jenny",Women,Ice Hockey,Bronze,United States,USA,321418820.0,56115.7184261955,winter,7.63,7.5,8.25,7.25,4.88,7.5,6.0,7.88,2.0,7.75,7.13,71.75
2006-01-01,Turin,Ice Hockey,Ice Hockey,"RESOR, Helen",Women,Ice Hockey,Bronze,United States,USA,321418820.0,56115.7184261955,winter,7.63,7.5,8.25,7.25,4.88,7.5,6.0,7.88,2.0,7.75,7.13,71.75
2006-01-01,Turin,Ice Hockey,Ice Hockey,"RUGGIERO, Angela",Women,Ice Hockey,Bronze,United States,USA,321418820.0,56115.7184261955,winter,7.63,7.5,8.25,7.25,4.88,7.5,6.0,7.88,2.0,7.75,7.13,71.75
2006-01-01,Turin,Ice Hockey,Ice Hockey,"STEPHENS, Kelly",Women,Ice Hockey,Bronze,United States,USA,321418820.0,56115.7184261955,winter,7.63,7.5,8.25,7.25,4.88,7.5,6.0,7.88,2.0,7.75,7.13,71.75
2006-01-01,Turin,Ice Hockey,Ice Hockey,"WALL, Lyndsay",Women,Ice Hockey,Bronze,United States,USA,321418820.0,56115.7184261955,winter,7.63,7.5,8.25,7.25,4.88,7.5,6.0,7.88,2.0,7.75,7.13,71.75
2006-01-01,Turin,Ice Hockey,Ice Hockey,"WENDELL, Krissy",Women,Ice Hockey,Bronze,United States,USA,321418820.0,56115.7184261955,winter,7.63,7.5,8.25,7.25,4.88,7.5,6.0,7.88,2.0,7.75,7.13,71.75
2006-01-01,Turin,Ice Hockey,Ice Hockey,"AGOSTA, Meghan",Women,Ice Hockey,Gold,Canada,CAN,35851774.0,43248.529909341,winter,7.63,7.5,8.25,7.25,4.88,7.5,6.0,7.88,2.0,7.75,7.13,71.75
2006-01-01,Turin,Ice Hockey,Ice Hockey,"APPS, Gillian",Women,Ice Hockey,Gold,Canada,CAN,35851774.0,43248.529909341,winter,7.63,7.5,8.25,7.25,4.88,7.5,6.0,7.88,2.0,7.75,7.13,71.75
2006-01-01,Turin,Ice Hockey,Ice Hockey,"BOTTERILL, Jennifer",Women,Ice Hockey,Gold,Canada,CAN,35851774.0,43248.529909341,winter,7.63,7.5,8.25,7.25,4.88,7.5,6.0,7.88,2.0,7.75,7.13,71.75
2006-01-01,Turin,Ice Hockey,Ice Hockey,"CAMPBELL, Cassie",Women,Ice Hockey,Gold,Canada,CAN,35851774.0,43248.529909341,winter,7.63,7.5,8.25,7.25,4.88,7.5,6.0,7.88,2.0,7.75,7.13,71.75
2006-01-01,Turin,Ice Hockey,Ice Hockey,"FERRARI, Gillian",Women,Ice Hockey,Gold,Canada,CAN,35851774.0,43248.529909341,winter,7.63,7.5,8.25,7.25,4.88,7.5,6.0,7.88,2.0,7.75,7.13,71.75
2006-01-01,Turin,Ice Hockey,Ice Hockey,"GOYETTE, Danielle",Women,Ice Hockey,Gold,Canada,CAN,35851774.0,43248.529909341,winter,7.63,7.5,8.25,7.25,4.88,7.5,6.0,7.88,2.0,7.75,7.13,71.75
2006-01-01,Turin,Ice Hockey,Ice Hockey,"HEFFORD, Jayna",Women,Ice Hockey,Gold,Canada,CAN,35851774.0,43248.529909341,winter,7.63,7.5,8.25,7.25,4.88,7.5,6.0,7.88,2.0,7.75,7.13,71.75
2006-01-01,Turin,Ice Hockey,Ice Hockey,"KELLAR, Becky",Women,Ice Hockey,Gold,Canada,CAN,35851774.0,43248.529909341,winter,7.63,7.5,8.25,7.25,4.88,7.5,6.0,7.88,2.0,7.75,7.13,71.75
2006-01-01,Turin,Ice Hockey,Ice Hockey,"KINGSBURY, Gina",Women,Ice Hockey,Gold,Canada,CAN,35851774.0,43248.529909341,winter,7.63,7.5,8.25,7.25,4.88,7.5,6.0,7.88,2.0,7.75,7.13,71.75
2006-01-01,Turin,Ice Hockey,Ice Hockey,"LABONTE, Charline",Women,Ice Hockey,Gold,Canada,CAN,35851774.0,43248.529909341,winter,7.63,7.5,8.25,7.25,4.88,7.5,6.0,7.88,2.0,7.75,7.13,71.75
2006-01-01,Turin,Ice Hockey,Ice Hockey,"MACLEOD, Carla",Women,Ice Hockey,Gold,Canada,CAN,35851774.0,43248.529909341,winter,7.63,7.5,8.25,7.25,4.88,7.5,6.0,7.88,2.0,7.75,7.13,71.75
2006-01-01,Turin,Ice Hockey,Ice Hockey,"OUELLETTE, Caroline",Women,Ice Hockey,Gold,Canada,CAN,35851774.0,43248.529909341,winter,7.63,7.5,8.25,7.25,4.88,7.5,6.0,7.88,2.0,7.75,7.13,71.75
2006-01-01,Turin,Ice Hockey,Ice Hockey,"PIPER, Cherie",Women,Ice Hockey,Gold,Canada,CAN,35851774.0,43248.529909341,winter,7.63,7.5,8.25,7.25,4.88,7.5,6.0,7.88,2.0,7.75,7.13,71.75
2006-01-01,Turin,Ice Hockey,Ice Hockey,"POUNDER, Cheryl",Women,Ice Hockey,Gold,Canada,CAN,35851774.0,43248.529909341,winter,7.63,7.5,8.25,7.25,4.88,7.5,6.0,7.88,2.0,7.75,7.13,71.75
2006-01-01,Turin,Ice Hockey,Ice Hockey,"SOSTORICS, Colleen",Women,Ice Hockey,Gold,Canada,CAN,35851774.0,43248.529909341,winter,7.63,7.5,8.25,7.25,4.88,7.5,6.0,7.88,2.0,7.75,7.13,71.75
2006-01-01,Turin,Ice Hockey,Ice Hockey,"SUNOHARA, Vicky",Women,Ice Hockey,Gold,Canada,CAN,35851774.0,43248.529909341,winter,7.63,7.5,8.25,7.25,4.88,7.5,6.0,7.88,2.0,7.75,7.13,71.75
2006-01-01,Turin,Ice Hockey,Ice Hockey,"VAILLANCOURT, Sarah",Women,Ice Hockey,Gold,Canada,CAN,35851774.0,43248.529909341,winter,7.63,7.5,8.25,7.25,4.88,7.5,6.0,7.88,2.0,7.75,7.13,71.75
2006-01-01,Turin,Ice Hockey,Ice Hockey,"WEATHERSTON, Katie",Women,Ice Hockey,Gold,Canada,CAN,35851774.0,43248.529909341,winter,7.63,7.5,8.25,7.25,4.88,7.5,6.0,7.88,2.0,7.75,7.13,71.75
2006-01-01,Turin,Ice Hockey,Ice Hockey,"WICKENHEISER, Hayley",Women,Ice Hockey,Gold,Canada,CAN,35851774.0,43248.529909341,winter,7.63,7.5,8.25,7.25,4.88,7.5,6.0,7.88,2.0,7.75,7.13,71.75
2006-01-01,Turin,Ice Hockey,Ice Hockey,"ANDERSSON, Cecilia",Women,Ice Hockey,Silver,Sweden,SWE,9798871.0,50579.67364867769,winter,7.63,7.5,8.25,7.25,4.88,7.5,6.0,7.88,2.0,7.75,7.13,71.75
2006-01-01,Turin,Ice Hockey,Ice Hockey,"ANDERSSON, Gunilla",Women,Ice Hockey,Silver,Sweden,SWE,9798871.0,50579.67364867769,winter,7.63,7.5,8.25,7.25,4.88,7.5,6.0,7.88,2.0,7.75,7.13,71.75
2006-01-01,Turin,Ice Hockey,Ice Hockey,"ASSERHOLT, Jenni",Women,Ice Hockey,Silver,Sweden,SWE,9798871.0,50579.67364867769,winter,7.63,7.5,8.25,7.25,4.88,7.5,6.0,7.88,2.0,7.75,7.13,71.75
2006-01-01,Turin,Ice Hockey,Ice Hockey,"EDSTRAND, Ann-Louise",Women,Ice Hockey,Silver,Sweden,SWE,9798871.0,50579.67364867769,winter,7.63,7.5,8.25,7.25,4.88,7.5,6.0,7.88,2.0,7.75,7.13,71.75
2006-01-01,Turin,Ice Hockey,Ice Hockey,"ELFSBERG, Joa",Women,Ice Hockey,Silver,Sweden,SWE,9798871.0,50579.67364867769,winter,7.63,7.5,8.25,7.25,4.88,7.5,6.0,7.88,2.0,7.75,7.13,71.75
2006-01-01,Turin,Ice Hockey,Ice Hockey,"ELIASSON, Emma",Women,Ice Hockey,Silver,Sweden,SWE,9798871.0,50579.67364867769,winter,7.63,7.5,8.25,7.25,4.88,7.5,6.0,7.88,2.0,7.75,7.13,71.75
2006-01-01,Turin,Ice Hockey,Ice Hockey,"HOLST, Erika",Women,Ice Hockey,Silver,Sweden,SWE,9798871.0,50579.67364867769,winter,7.63,7.5,8.25,7.25,4.88,7.5,6.0,7.88,2.0,7.75,7.13,71.75
2006-01-01,Turin,Ice Hockey,Ice Hockey,"JANSSON, Nanna",Women,Ice Hockey,Silver,Sweden,SWE,9798871.0,50579.67364867769,winter,7.63,7.5,8.25,7.25,4.88,7.5,6.0,7.88,2.0,7.75,7.13,71.75
2006-01-01,Turin,Ice Hockey,Ice Hockey,"LINDBERG, Ylva",Women,Ice Hockey,Silver,Sweden,SWE,9798871.0,50579.67364867769,winter,7.63,7.5,8.25,7.25,4.88,7.5,6.0,7.88,2.0,7.75,7.13,71.75
2006-01-01,Turin,Ice Hockey,Ice Hockey,"LINDQVIST, Jenny",Women,Ice Hockey,Silver,Sweden,SWE,9798871.0,50579.67364867769,winter,7.63,7.5,8.25,7.25,4.88,7.5,6.0,7.88,2.0,7.75,7.13,71.75
2006-01-01,Turin,Ice Hockey,Ice Hockey,"LUNDBERG, Kristina",Women,Ice Hockey,Silver,Sweden,SWE,9798871.0,50579.67364867769,winter,7.63,7.5,8.25,7.25,4.88,7.5,6.0,7.88,2.0,7.75,7.13,71.75
2006-01-01,Turin,Ice Hockey,Ice Hockey,"MARTIN, Kim",Women,Ice Hockey,Silver,Sweden,SWE,9798871.0,50579.67364867769,winter,7.63,7.5,8.25,7.25,4.88,7.5,6.0,7.88,2.0,7.75,7.13,71.75
2006-01-01,Turin,Ice Hockey,Ice Hockey,"NEVALAINEN, Frida",Women,Ice Hockey,Silver,Sweden,SWE,9798871.0,50579.67364867769,winter,7.63,7.5,8.25,7.25,4.88,7.5,6.0,7.88,2.0,7.75,7.13,71.75
2006-01-01,Turin,Ice Hockey,Ice Hockey,"O KONOR, Emilie",Women,Ice Hockey,Silver,Sweden,SWE,9798871.0,50579.67364867769,winter,7.63,7.5,8.25,7.25,4.88,7.5,6.0,7.88,2.0,7.75,7.13,71.75
2006-01-01,Turin,Ice Hockey,Ice Hockey,"ROOTH, Maria",Women,Ice Hockey,Silver,Sweden,SWE,9798871.0,50579.67364867769,winter,7.63,7.5,8.25,7.25,4.88,7.5,6.0,7.88,2.0,7.75,7.13,71.75
2006-01-01,Turin,Ice Hockey,Ice Hockey,"RUNDQVIST, Danijela",Women,Ice Hockey,Silver,Sweden,SWE,9798871.0,50579.67364867769,winter,7.63,7.5,8.25,7.25,4.88,7.5,6.0,7.88,2.0,7.75,7.13,71.75
2006-01-01,Turin,Ice Hockey,Ice Hockey,"SJOLANDER, Therese",Women,Ice Hockey,Silver,Sweden,SWE,9798871.0,50579.67364867769,winter,7.63,7.5,8.25,7.25,4.88,7.5,6.0,7.88,2.0,7.75,7.13,71.75
2006-01-01,Turin,Ice Hockey,Ice Hockey,"TIMGLAS, Katarina",Women,Ice Hockey,Silver,Sweden,SWE,9798871.0,50579.67364867769,winter,7.63,7.5,8.25,7.25,4.88,7.5,6.0,7.88,2.0,7.75,7.13,71.75
2006-01-01,Turin,Ice Hockey,Ice Hockey,"VIKMAN, Anna",Women,Ice Hockey,Silver,Sweden,SWE,9798871.0,50579.67364867769,winter,7.63,7.5,8.25,7.25,4.88,7.5,6.0,7.88,2.0,7.75,7.13,71.75
2006-01-01,Turin,Ice Hockey,Ice Hockey,"WINBERG, Pernilla",Women,Ice Hockey,Silver,Sweden,SWE,9798871.0,50579.67364867769,winter,7.63,7.5,8.25,7.25,4.88,7.5,6.0,7.88,2.0,7.75,7.13,71.75
2006-01-01,Turin,Skating,Figure skating,"GONCHAROV, Ruslan",Men,Ice Dancing,Bronze,Ukraine,UKR,45198200.0,2114.9547162844397,winter,6.88,4.25,4.0,6.38,8.25,3.13,4.88,6.63,19.0,5.13,5.25,54.75
2006-01-01,Turin,Skating,Figure skating,"GRUSHINA, Elena",Women,Ice Dancing,Bronze,Ukraine,UKR,45198200.0,2114.9547162844397,winter,6.88,4.25,4.0,6.38,8.25,3.13,4.88,6.63,19.0,5.13,5.25,54.75
2006-01-01,Turin,Skating,Figure skating,"KOSTOMAROV, Roman",Men,Ice Dancing,Gold,Russia,RUS,144096812.0,9092.580536068841,winter,6.88,4.25,4.0,6.38,8.25,3.13,4.88,6.63,19.0,5.13,5.25,54.75
2006-01-01,Turin,Skating,Figure skating,"NAVKA, Tatiana",Women,Ice Dancing,Gold,Russia,RUS,144096812.0,9092.580536068841,winter,6.88,4.25,4.0,6.38,8.25,3.13,4.88,6.63,19.0,5.13,5.25,54.75
2006-01-01,Turin,Skating,Figure skating,"AGOSTO, Benjamin",Men,Ice Dancing,Silver,United States,USA,321418820.0,56115.7184261955,winter,6.88,4.25,4.0,6.38,8.25,3.13,4.88,6.63,19.0,5.13,5.25,54.75
2006-01-01,Turin,Skating,Figure skating,"BELBIN, Tanith",Women,Ice Dancing,Silver,United States,USA,321418820.0,56115.7184261955,winter,6.88,4.25,4.0,6.38,8.25,3.13,4.88,6.63,19.0,5.13,5.25,54.75
2006-01-01,Turin,Skating,Figure skating,"BUTTLE, Jeffrey",Men,Individual,Bronze,Canada,CAN,35851774.0,43248.529909341,winter,6.88,4.25,4.0,6.38,8.25,3.13,4.88,6.63,19.0,5.13,5.25,54.75
2006-01-01,Turin,Skating,Figure skating,"PLYUSHCHENKO, Evgeny",Men,Individual,Gold,Russia,RUS,144096812.0,9092.580536068841,winter,6.88,4.25,4.0,6.38,8.25,3.13,4.88,6.63,19.0,5.13,5.25,54.75
2006-01-01,Turin,Skating,Figure skating,"LAMBIEL, Stephane",Men,Individual,Silver,Switzerland,SUI,8286976.0,80945.0792194742,winter,6.88,4.25,4.0,6.38,8.25,3.13,4.88,6.63,19.0,5.13,5.25,54.75
2006-01-01,Turin,Skating,Figure skating,"SLUTSKAYA, Irina",Women,Individual,Bronze,Russia,RUS,144096812.0,9092.580536068841,winter,6.88,4.25,4.0,6.38,8.25,3.13,4.88,6.63,19.0,5.13,5.25,54.75
2006-01-01,Turin,Skating,Figure skating,"ARAKAWA, Shizuka",Women,Individual,Gold,Japan,JPN,126958472.0,32477.215144923397,winter,6.88,4.25,4.0,6.38,8.25,3.13,4.88,6.63,19.0,5.13,5.25,54.75
2006-01-01,Turin,Skating,Figure skating,"COHEN, Sasha",Women,Individual,Silver,United States,USA,321418820.0,56115.7184261955,winter,6.88,4.25,4.0,6.38,8.25,3.13,4.88,6.63,19.0,5.13,5.25,54.75
2006-01-01,Turin,Skating,Figure skating,"SHEN, Xue",Women,Pairs,Bronze,China,CHN,1371220000.0,8027.6838101390695,winter,6.88,4.25,4.0,6.38,8.25,3.13,4.88,6.63,19.0,5.13,5.25,54.75
2006-01-01,Turin,Skating,Figure skating,"ZHAO, Hongbo",Men,Pairs,Bronze,China,CHN,1371220000.0,8027.6838101390695,winter,6.88,4.25,4.0,6.38,8.25,3.13,4.88,6.63,19.0,5.13,5.25,54.75
2006-01-01,Turin,Skating,Figure skating,"MARININ, Maxim",Men,Pairs,Gold,Russia,RUS,144096812.0,9092.580536068841,winter,6.88,4.25,4.0,6.38,8.25,3.13,4.88,6.63,19.0,5.13,5.25,54.75
2006-01-01,Turin,Skating,Figure skating,"TOTMIANINA, Tatiana",Women,Pairs,Gold,Russia,RUS,144096812.0,9092.580536068841,winter,6.88,4.25,4.0,6.38,8.25,3.13,4.88,6.63,19.0,5.13,5.25,54.75
2006-01-01,Turin,Skating,Figure skating,"ZHANG, Dan",Women,Pairs,Silver,China,CHN,1371220000.0,8027.6838101390695,winter,6.88,4.25,4.0,6.38,8.25,3.13,4.88,6.63,19.0,5.13,5.25,54.75
2006-01-01,Turin,Skating,Figure skating,"ZHANG, Hao",Men,Pairs,Silver,China,CHN,1371220000.0,8027.6838101390695,winter,6.88,4.25,4.0,6.38,8.25,3.13,4.88,6.63,19.0,5.13,5.25,54.75
2006-01-01,Turin,Skating,Short Track Speed Skating,"OHNO, Apolo Anton",Men,1000M,Bronze,United States,USA,321418820.0,56115.7184261955,winter,4.0,3.5,4.63,7.63,4.25,2.88,4.5,7.38,17.0,8.88,7.25,54.875
2006-01-01,Turin,Skating,Short Track Speed Skating,"AHN, Hyun-Soo",Men,1000M,Gold,"Korea, South",KOR,50617045.0,27221.524050966098,winter,4.0,3.5,4.63,7.63,4.25,2.88,4.5,7.38,17.0,8.88,7.25,54.875
2006-01-01,Turin,Skating,Short Track Speed Skating,"LEE, Ho-Suk",Men,1000M,Silver,"Korea, South",KOR,50617045.0,27221.524050966098,winter,4.0,3.5,4.63,7.63,4.25,2.88,4.5,7.38,17.0,8.88,7.25,54.875
2006-01-01,Turin,Skating,Short Track Speed Skating,"YANG (A), Yang",Women,1000M,Bronze,China,CHN,1371220000.0,8027.6838101390695,winter,4.0,3.5,4.63,7.63,4.25,2.88,4.5,7.38,17.0,8.88,7.25,54.875
2006-01-01,Turin,Skating,Short Track Speed Skating,"JIN, Sun-Yu",Women,1000M,Gold,"Korea, South",KOR,50617045.0,27221.524050966098,winter,4.0,3.5,4.63,7.63,4.25,2.88,4.5,7.38,17.0,8.88,7.25,54.875
2006-01-01,Turin,Skating,Short Track Speed Skating,"WANG, Meng",Women,1000M,Silver,China,CHN,1371220000.0,8027.6838101390695,winter,4.0,3.5,4.63,7.63,4.25,2.88,4.5,7.38,17.0,8.88,7.25,54.875
2006-01-01,Turin,Skating,Short Track Speed Skating,"LI, JiaJun",Men,1500M,Bronze,China,CHN,1371220000.0,8027.6838101390695,winter,4.0,3.5,4.63,7.63,4.25,2.88,4.5,7.38,17.0,8.88,7.25,54.875
2006-01-01,Turin,Skating,Short Track Speed Skating,"AHN, Hyun-Soo",Men,1500M,Gold,"Korea, South",KOR,50617045.0,27221.524050966098,winter,4.0,3.5,4.63,7.63,4.25,2.88,4.5,7.38,17.0,8.88,7.25,54.875
2006-01-01,Turin,Skating,Short Track Speed Skating,"LEE, Ho-Suk",Men,1500M,Silver,"Korea, South",KOR,50617045.0,27221.524050966098,winter,4.0,3.5,4.63,7.63,4.25,2.88,4.5,7.38,17.0,8.88,7.25,54.875
2006-01-01,Turin,Skating,Short Track Speed Skating,"WANG, Meng",Women,1500M,Bronze,China,CHN,1371220000.0,8027.6838101390695,winter,4.0,3.5,4.63,7.63,4.25,2.88,4.5,7.38,17.0,8.88,7.25,54.875
2006-01-01,Turin,Skating,Short Track Speed Skating,"JIN, Sun-Yu",Women,1500M,Gold,"Korea, South",KOR,50617045.0,27221.524050966098,winter,4.0,3.5,4.63,7.63,4.25,2.88,4.5,7.38,17.0,8.88,7.25,54.875
2006-01-01,Turin,Skating,Short Track Speed Skating,"CHOI, Eun-Kyung",Women,1500M,Silver,"Korea, South",KOR,50617045.0,27221.524050966098,winter,4.0,3.5,4.63,7.63,4.25,2.88,4.5,7.38,17.0,8.88,7.25,54.875
2006-01-01,Turin,Skating,Short Track Speed Skating,"CAPURSO, Marta",Women,3000M Relay,Bronze,Italy,ITA,60802085.0,29957.804315437203,winter,4.0,3.5,4.63,7.63,4.25,2.88,4.5,7.38,17.0,8.88,7.25,54.875
2006-01-01,Turin,Skating,Short Track Speed Skating,"FONTANA, Arianna",Women,3000M Relay,Bronze,Italy,ITA,60802085.0,29957.804315437203,winter,4.0,3.5,4.63,7.63,4.25,2.88,4.5,7.38,17.0,8.88,7.25,54.875
2006-01-01,Turin,Skating,Short Track Speed Skating,"ZINI, Katia",Women,3000M Relay,Bronze,Italy,ITA,60802085.0,29957.804315437203,winter,4.0,3.5,4.63,7.63,4.25,2.88,4.5,7.38,17.0,8.88,7.25,54.875
2006-01-01,Turin,Skating,Short Track Speed Skating,"ZINI, Mara",Women,3000M Relay,Bronze,Italy,ITA,60802085.0,29957.804315437203,winter,4.0,3.5,4.63,7.63,4.25,2.88,4.5,7.38,17.0,8.88,7.25,54.875
2006-01-01,Turin,Skating,Short Track Speed Skating,"BYUN, Chun-Sa",Women,3000M Relay,Gold,"Korea, South",KOR,50617045.0,27221.524050966098,winter,4.0,3.5,4.63,7.63,4.25,2.88,4.5,7.38,17.0,8.88,7.25,54.875
2006-01-01,Turin,Skating,Short Track Speed Skating,"CHOI, Eun-Kyung",Women,3000M Relay,Gold,"Korea, South",KOR,50617045.0,27221.524050966098,winter,4.0,3.5,4.63,7.63,4.25,2.88,4.5,7.38,17.0,8.88,7.25,54.875
2006-01-01,Turin,Skating,Short Track Speed Skating,"JEON, Da-Hye",Women,3000M Relay,Gold,"Korea, South",KOR,50617045.0,27221.524050966098,winter,4.0,3.5,4.63,7.63,4.25,2.88,4.5,7.38,17.0,8.88,7.25,54.875
2006-01-01,Turin,Skating,Short Track Speed Skating,"JIN, Sun-Yu",Women,3000M Relay,Gold,"Korea, South",KOR,50617045.0,27221.524050966098,winter,4.0,3.5,4.63,7.63,4.25,2.88,4.5,7.38,17.0,8.88,7.25,54.875
2006-01-01,Turin,Skating,Short Track Speed Skating,"KANG, Yun-Mi",Women,3000M Relay,Gold,"Korea, South",KOR,50617045.0,27221.524050966098,winter,4.0,3.5,4.63,7.63,4.25,2.88,4.5,7.38,17.0,8.88,7.25,54.875
2006-01-01,Turin,Skating,Short Track Speed Skating,"KRAUS, Alanna",Women,3000M Relay,Silver,Canada,CAN,35851774.0,43248.529909341,winter,4.0,3.5,4.63,7.63,4.25,2.88,4.5,7.38,17.0,8.88,7.25,54.875
2006-01-01,Turin,Skating,Short Track Speed Skating,"LEBLANC-BOUCHER, Anouk",Women,3000M Relay,Silver,Canada,CAN,35851774.0,43248.529909341,winter,4.0,3.5,4.63,7.63,4.25,2.88,4.5,7.38,17.0,8.88,7.25,54.875
2006-01-01,Turin,Skating,Short Track Speed Skating,"OVERLAND, Amanda",Women,3000M Relay,Silver,Canada,CAN,35851774.0,43248.529909341,winter,4.0,3.5,4.63,7.63,4.25,2.88,4.5,7.38,17.0,8.88,7.25,54.875
2006-01-01,Turin,Skating,Short Track Speed Skating,"ROBERGE, Kalyna",Women,3000M Relay,Silver,Canada,CAN,35851774.0,43248.529909341,winter,4.0,3.5,4.63,7.63,4.25,2.88,4.5,7.38,17.0,8.88,7.25,54.875
2006-01-01,Turin,Skating,Short Track Speed Skating,"VICENT, Tania",Women,3000M Relay,Silver,Canada,CAN,35851774.0,43248.529909341,winter,4.0,3.5,4.63,7.63,4.25,2.88,4.5,7.38,17.0,8.88,7.25,54.875
2006-01-01,Turin,Skating,Short Track Speed Skating,"IZYKOWSKI, Alex",Men,5000M Relay,Bronze,United States,USA,321418820.0,56115.7184261955,winter,4.0,3.5,4.63,7.63,4.25,2.88,4.5,7.38,17.0,8.88,7.25,54.875
2006-01-01,Turin,Skating,Short Track Speed Skating,"KEPKA, J.p.",Men,5000M Relay,Bronze,United States,USA,321418820.0,56115.7184261955,winter,4.0,3.5,4.63,7.63,4.25,2.88,4.5,7.38,17.0,8.88,7.25,54.875
2006-01-01,Turin,Skating,Short Track Speed Skating,"OHNO, Apolo Anton",Men,5000M Relay,Bronze,United States,USA,321418820.0,56115.7184261955,winter,4.0,3.5,4.63,7.63,4.25,2.88,4.5,7.38,17.0,8.88,7.25,54.875
2006-01-01,Turin,Skating,Short Track Speed Skating,"SMITH, Rusty",Men,5000M Relay,Bronze,United States,USA,321418820.0,56115.7184261955,winter,4.0,3.5,4.63,7.63,4.25,2.88,4.5,7.38,17.0,8.88,7.25,54.875
2006-01-01,Turin,Skating,Short Track Speed Skating,"AHN, Hyun-Soo",Men,5000M Relay,Gold,"Korea, South",KOR,50617045.0,27221.524050966098,winter,4.0,3.5,4.63,7.63,4.25,2.88,4.5,7.38,17.0,8.88,7.25,54.875
2006-01-01,Turin,Skating,Short Track Speed Skating,"LEE, Ho-Suk",Men,5000M Relay,Gold,"Korea, South",KOR,50617045.0,27221.524050966098,winter,4.0,3.5,4.63,7.63,4.25,2.88,4.5,7.38,17.0,8.88,7.25,54.875
2006-01-01,Turin,Skating,Short Track Speed Skating,"OH, Se-Jong",Men,5000M Relay,Gold,"Korea, South",KOR,50617045.0,27221.524050966098,winter,4.0,3.5,4.63,7.63,4.25,2.88,4.5,7.38,17.0,8.88,7.25,54.875
2006-01-01,Turin,Skating,Short Track Speed Skating,"SEO, Ho-Jin",Men,5000M Relay,Gold,"Korea, South",KOR,50617045.0,27221.524050966098,winter,4.0,3.5,4.63,7.63,4.25,2.88,4.5,7.38,17.0,8.88,7.25,54.875
2006-01-01,Turin,Skating,Short Track Speed Skating,"SONG, Suk-Woo",Men,5000M Relay,Gold,"Korea, South",KOR,50617045.0,27221.524050966098,winter,4.0,3.5,4.63,7.63,4.25,2.88,4.5,7.38,17.0,8.88,7.25,54.875
2006-01-01,Turin,Skating,Short Track Speed Skating,"BEDARD, Eric",Men,5000M Relay,Silver,Canada,CAN,35851774.0,43248.529909341,winter,4.0,3.5,4.63,7.63,4.25,2.88,4.5,7.38,17.0,8.88,7.25,54.875
2006-01-01,Turin,Skating,Short Track Speed Skating,"GUILMETTE, Jonathan",Men,5000M Relay,Silver,Canada,CAN,35851774.0,43248.529909341,winter,4.0,3.5,4.63,7.63,4.25,2.88,4.5,7.38,17.0,8.88,7.25,54.875
2006-01-01,Turin,Skating,Short Track Speed Skating,"HAMELIN, Charles",Men,5000M Relay,Silver,Canada,CAN,35851774.0,43248.529909341,winter,4.0,3.5,4.63,7.63,4.25,2.88,4.5,7.38,17.0,8.88,7.25,54.875
2006-01-01,Turin,Skating,Short Track Speed Skating,"TREMBLAY, Francois-Louis",Men,5000M Relay,Silver,Canada,CAN,35851774.0,43248.529909341,winter,4.0,3.5,4.63,7.63,4.25,2.88,4.5,7.38,17.0,8.88,7.25,54.875
2006-01-01,Turin,Skating,Short Track Speed Skating,"TURCOTTE, Mathieu",Men,5000M Relay,Silver,Canada,CAN,35851774.0,43248.529909341,winter,4.0,3.5,4.63,7.63,4.25,2.88,4.5,7.38,17.0,8.88,7.25,54.875
2006-01-01,Turin,Skating,Short Track Speed Skating,"AHN, Hyun-Soo",Men,500M,Bronze,"Korea, South",KOR,50617045.0,27221.524050966098,winter,4.0,3.5,4.63,7.63,4.25,2.88,4.5,7.38,17.0,8.88,7.25,54.875
2006-01-01,Turin,Skating,Short Track Speed Skating,"OHNO, Apolo Anton",Men,500M,Gold,United States,USA,321418820.0,56115.7184261955,winter,4.0,3.5,4.63,7.63,4.25,2.88,4.5,7.38,17.0,8.88,7.25,54.875
2006-01-01,Turin,Skating,Short Track Speed Skating,"TREMBLAY, Francois-Louis",Men,500M,Silver,Canada,CAN,35851774.0,43248.529909341,winter,4.0,3.5,4.63,7.63,4.25,2.88,4.5,7.38,17.0,8.88,7.25,54.875
2006-01-01,Turin,Skating,Short Track Speed Skating,"LEBLANC-BOUCHER, Anouk",Women,500M,Bronze,Canada,CAN,35851774.0,43248.529909341,winter,4.0,3.5,4.63,7.63,4.25,2.88,4.5,7.38,17.0,8.88,7.25,54.875
2006-01-01,Turin,Skating,Short Track Speed Skating,"WANG, Meng",Women,500M,Gold,China,CHN,1371220000.0,8027.6838101390695,winter,4.0,3.5,4.63,7.63,4.25,2.88,4.5,7.38,17.0,8.88,7.25,54.875
2006-01-01,Turin,Skating,Short Track Speed Skating,"RADANOVA, Evgenia",Women,500M,Silver,Bulgaria,BUL,7177991.0,6993.47735975728,winter,4.0,3.5,4.63,7.63,4.25,2.88,4.5,7.38,17.0,8.88,7.25,54.875
2006-01-01,Turin,Skiing,Cross Country Skiing,"PEDERSEN, Hilde G",Women,10KM,Bronze,Norway,NOR,5195921.0,74400.3697770928,winter,4.0,3.88,5.5,9,4.0,3.63,2.75,4.38,30.0,5.13,5.75,48.0
2006-01-01,Turin,Skiing,Cross Country Skiing,"SMIGUN, Kristina",Women,10KM,Gold,Estonia,EST,1311998.0,17118.5042003236,winter,4.0,3.88,5.5,9,4.0,3.63,2.75,4.38,30.0,5.13,5.75,48.0
2006-01-01,Turin,Skiing,Cross Country Skiing,"BJORGEN, Marit",Women,10KM,Silver,Norway,NOR,5195921.0,74400.3697770928,winter,4.0,3.88,5.5,9,4.0,3.63,2.75,4.38,30.0,5.13,5.75,48.0
2006-01-01,Turin,Skiing,Cross Country Skiing,"ANGERER, Tobias",Men,15KM,Bronze,Germany,GER,81413145.0,41313.3139945434,winter,4.0,3.88,5.5,9,4.0,3.63,2.75,4.38,30.0,5.13,5.75,48.0
2006-01-01,Turin,Skiing,Cross Country Skiing,"VEERPALU, Andrus",Men,15KM,Gold,Estonia,EST,1311998.0,17118.5042003236,winter,4.0,3.88,5.5,9,4.0,3.63,2.75,4.38,30.0,5.13,5.75,48.0
2006-01-01,Turin,Skiing,Cross Country Skiing,"BAUER, Lukas",Men,15KM,Silver,Czech Republic,CZE,10551219.0,17548.3382129701,winter,4.0,3.88,5.5,9,4.0,3.63,2.75,4.38,30.0,5.13,5.75,48.0
2006-01-01,Turin,Skiing,Cross Country Skiing,"KOWALCZYK, Justyna",Women,30KM,Bronze,Poland,POL,37999494.0,12554.547553631299,winter,4.0,3.88,5.5,9,4.0,3.63,2.75,4.38,30.0,5.13,5.75,48.0
2006-01-01,Turin,Skiing,Cross Country Skiing,"NEUMANNOVA, Katerina",Women,30KM,Gold,Czech Republic,CZE,10551219.0,17548.3382129701,winter,4.0,3.88,5.5,9,4.0,3.63,2.75,4.38,30.0,5.13,5.75,48.0
2006-01-01,Turin,Skiing,Cross Country Skiing,"TCHEPALOVA, Julija",Women,30KM,Silver,Russia,RUS,144096812.0,9092.580536068841,winter,4.0,3.88,5.5,9,4.0,3.63,2.75,4.38,30.0,5.13,5.75,48.0
2006-01-01,Turin,Skiing,Cross Country Skiing,"FREDRIKSSON, Mathias",Men,4X10KM Relay,Bronze,Sweden,SWE,9798871.0,50579.67364867769,winter,4.0,3.88,5.5,9,4.0,3.63,2.75,4.38,30.0,5.13,5.75,48.0
2006-01-01,Turin,Skiing,Cross Country Skiing,"LARSSON, Mats",Men,4X10KM Relay,Bronze,Sweden,SWE,9798871.0,50579.67364867769,winter,4.0,3.88,5.5,9,4.0,3.63,2.75,4.38,30.0,5.13,5.75,48.0
2006-01-01,Turin,Skiing,Cross Country Skiing,"OLSSON, Johan",Men,4X10KM Relay,Bronze,Sweden,SWE,9798871.0,50579.67364867769,winter,4.0,3.88,5.5,9,4.0,3.63,2.75,4.38,30.0,5.13,5.75,48.0
2006-01-01,Turin,Skiing,Cross Country Skiing,"SOEDERGREN, Anders",Men,4X10KM Relay,Bronze,Sweden,SWE,9798871.0,50579.67364867769,winter,4.0,3.88,5.5,9,4.0,3.63,2.75,4.38,30.0,5.13,5.75,48.0
2006-01-01,Turin,Skiing,Cross Country Skiing,"DI CENTA, Giorgio",Men,4X10KM Relay,Gold,Italy,ITA,60802085.0,29957.804315437203,winter,4.0,3.88,5.5,9,4.0,3.63,2.75,4.38,30.0,5.13,5.75,48.0
2006-01-01,Turin,Skiing,Cross Country Skiing,"PILLER COTTRER, Pietro",Men,4X10KM Relay,Gold,Italy,ITA,60802085.0,29957.804315437203,winter,4.0,3.88,5.5,9,4.0,3.63,2.75,4.38,30.0,5.13,5.75,48.0
2006-01-01,Turin,Skiing,Cross Country Skiing,"VALBUSA, Fulvio",Men,4X10KM Relay,Gold,Italy,ITA,60802085.0,29957.804315437203,winter,4.0,3.88,5.5,9,4.0,3.63,2.75,4.38,30.0,5.13,5.75,48.0
2006-01-01,Turin,Skiing,Cross Country Skiing,"ZORZI, Cristian",Men,4X10KM Relay,Gold,Italy,ITA,60802085.0,29957.804315437203,winter,4.0,3.88,5.5,9,4.0,3.63,2.75,4.38,30.0,5.13,5.75,48.0
2006-01-01,Turin,Skiing,Cross Country Skiing,"ANGERER, Tobias",Men,4X10KM Relay,Silver,Germany,GER,81413145.0,41313.3139945434,winter,4.0,3.88,5.5,9,4.0,3.63,2.75,4.38,30.0,5.13,5.75,48.0
2006-01-01,Turin,Skiing,Cross Country Skiing,"FILBRICH, Jens",Men,4X10KM Relay,Silver,Germany,GER,81413145.0,41313.3139945434,winter,4.0,3.88,5.5,9,4.0,3.63,2.75,4.38,30.0,5.13,5.75,48.0
2006-01-01,Turin,Skiing,Cross Country Skiing,"SCHLUETTER, Andreas",Men,4X10KM Relay,Silver,Germany,GER,81413145.0,41313.3139945434,winter,4.0,3.88,5.5,9,4.0,3.63,2.75,4.38,30.0,5.13,5.75,48.0
2006-01-01,Turin,Skiing,Cross Country Skiing,"SOMMERFELDT, Rene",Men,4X10KM Relay,Silver,Germany,GER,81413145.0,41313.3139945434,winter,4.0,3.88,5.5,9,4.0,3.63,2.75,4.38,30.0,5.13,5.75,48.0
2006-01-01,Turin,Skiing,Cross Country Skiing,"CONFORTOLA, Antonella",Women,4X5KM Relay,Bronze,Italy,ITA,60802085.0,29957.804315437203,winter,4.0,3.88,5.5,9,4.0,3.63,2.75,4.38,30.0,5.13,5.75,48.0
2006-01-01,Turin,Skiing,Cross Country Skiing,"FOLLIS, Arianna",Women,4X5KM Relay,Bronze,Italy,ITA,60802085.0,29957.804315437203,winter,4.0,3.88,5.5,9,4.0,3.63,2.75,4.38,30.0,5.13,5.75,48.0
2006-01-01,Turin,Skiing,Cross Country Skiing,"PARUZZI, Gabriella",Women,4X5KM Relay,Bronze,Italy,ITA,60802085.0,29957.804315437203,winter,4.0,3.88,5.5,9,4.0,3.63,2.75,4.38,30.0,5.13,5.75,48.0
2006-01-01,Turin,Skiing,Cross Country Skiing,"VALBUSA, Sabina",Women,4X5KM Relay,Bronze,Italy,ITA,60802085.0,29957.804315437203,winter,4.0,3.88,5.5,9,4.0,3.63,2.75,4.38,30.0,5.13,5.75,48.0
2006-01-01,Turin,Skiing,Cross Country Skiing,"BARANOVA-MASOLKINA, Natalia",Women,4X5KM Relay,Gold,Russia,RUS,144096812.0,9092.580536068841,winter,4.0,3.88,5.5,9,4.0,3.63,2.75,4.38,30.0,5.13,5.75,48.0
2006-01-01,Turin,Skiing,Cross Country Skiing,"KURKINA, Larisa",Women,4X5KM Relay,Gold,Russia,RUS,144096812.0,9092.580536068841,winter,4.0,3.88,5.5,9,4.0,3.63,2.75,4.38,30.0,5.13,5.75,48.0
2006-01-01,Turin,Skiing,Cross Country Skiing,"MEDVEDEVA-ABRUZOVA, Evgenia",Women,4X5KM Relay,Gold,Russia,RUS,144096812.0,9092.580536068841,winter,4.0,3.88,5.5,9,4.0,3.63,2.75,4.38,30.0,5.13,5.75,48.0
2006-01-01,Turin,Skiing,Cross Country Skiing,"TCHEPALOVA, Julija",Women,4X5KM Relay,Gold,Russia,RUS,144096812.0,9092.580536068841,winter,4.0,3.88,5.5,9,4.0,3.63,2.75,4.38,30.0,5.13,5.75,48.0
2006-01-01,Turin,Skiing,Cross Country Skiing,"BAUER, Viola",Women,4X5KM Relay,Silver,Germany,GER,81413145.0,41313.3139945434,winter,4.0,3.88,5.5,9,4.0,3.63,2.75,4.38,30.0,5.13,5.75,48.0
2006-01-01,Turin,Skiing,Cross Country Skiing,"BOEHLER, Stefanie",Women,4X5KM Relay,Silver,Germany,GER,81413145.0,41313.3139945434,winter,4.0,3.88,5.5,9,4.0,3.63,2.75,4.38,30.0,5.13,5.75,48.0
2006-01-01,Turin,Skiing,Cross Country Skiing,"KUENZEL, Claudia",Women,4X5KM Relay,Silver,Germany,GER,81413145.0,41313.3139945434,winter,4.0,3.88,5.5,9,4.0,3.63,2.75,4.38,30.0,5.13,5.75,48.0
2006-01-01,Turin,Skiing,Cross Country Skiing,"SACHENBACHER STEHLE, Evi",Women,4X5KM Relay,Silver,Germany,GER,81413145.0,41313.3139945434,winter,4.0,3.88,5.5,9,4.0,3.63,2.75,4.38,30.0,5.13,5.75,48.0
2006-01-01,Turin,Skiing,Cross Country Skiing,"BOTWINOV, Mikhail",Men,50KM,Bronze,Austria,AUT,8611088.0,43774.985173612,winter,4.0,3.88,5.5,9,4.0,3.63,2.75,4.38,30.0,5.13,5.75,48.0
2006-01-01,Turin,Skiing,Cross Country Skiing,"DI CENTA, Giorgio",Men,50KM,Gold,Italy,ITA,60802085.0,29957.804315437203,winter,4.0,3.88,5.5,9,4.0,3.63,2.75,4.38,30.0,5.13,5.75,48.0
2006-01-01,Turin,Skiing,Cross Country Skiing,"DEMENTIEV, Eugeni",Men,50KM,Silver,Russia,RUS,144096812.0,9092.580536068841,winter,4.0,3.88,5.5,9,4.0,3.63,2.75,4.38,30.0,5.13,5.75,48.0
2006-01-01,Turin,Skiing,Cross Country Skiing,"PILLER COTTRER, Pietro",Men,Combined 15 + 15KM Mass Start,Bronze,Italy,ITA,60802085.0,29957.804315437203,winter,4.0,3.88,5.5,9,4.0,3.63,2.75,4.38,30.0,5.13,5.75,48.0
2006-01-01,Turin,Skiing,Cross Country Skiing,"DEMENTIEV, Eugeni",Men,Combined 15 + 15KM Mass Start,Gold,Russia,RUS,144096812.0,9092.580536068841,winter,4.0,3.88,5.5,9,4.0,3.63,2.75,4.38,30.0,5.13,5.75,48.0
2006-01-01,Turin,Skiing,Cross Country Skiing,"ESTIL, Frode",Men,Combined 15 + 15KM Mass Start,Silver,Norway,NOR,5195921.0,74400.3697770928,winter,4.0,3.88,5.5,9,4.0,3.63,2.75,4.38,30.0,5.13,5.75,48.0
2006-01-01,Turin,Skiing,Cross Country Skiing,"MEDVEDEVA-ABRUZOVA, Evgenia",Women,Combined 7.5 + 7.5Km Mass Start,Bronze,Russia,RUS,144096812.0,9092.580536068841,winter,4.0,3.88,5.5,9,4.0,3.63,2.75,4.38,30.0,5.13,5.75,48.0
2006-01-01,Turin,Skiing,Cross Country Skiing,"SMIGUN, Kristina",Women,Combined 7.5 + 7.5Km Mass Start,Gold,Estonia,EST,1311998.0,17118.5042003236,winter,4.0,3.88,5.5,9,4.0,3.63,2.75,4.38,30.0,5.13,5.75,48.0
2006-01-01,Turin,Skiing,Cross Country Skiing,"NEUMANNOVA, Katerina",Women,Combined 7.5 + 7.5Km Mass Start,Silver,Czech Republic,CZE,10551219.0,17548.3382129701,winter,4.0,3.88,5.5,9,4.0,3.63,2.75,4.38,30.0,5.13,5.75,48.0
2006-01-01,Turin,Skiing,Cross Country Skiing,"FREDRIKSSON, Thobias",Men,Sprint 1.5KM,Bronze,Sweden,SWE,9798871.0,50579.67364867769,winter,4.0,3.88,5.5,9,4.0,3.63,2.75,4.38,30.0,5.13,5.75,48.0
2006-01-01,Turin,Skiing,Cross Country Skiing,"LIND, Bjoern",Men,Sprint 1.5KM,Gold,Sweden,SWE,9798871.0,50579.67364867769,winter,4.0,3.88,5.5,9,4.0,3.63,2.75,4.38,30.0,5.13,5.75,48.0
2006-01-01,Turin,Skiing,Cross Country Skiing,"DARRAGON, Roddy",Men,Sprint 1.5KM,Silver,France,FRA,66808385.0,36205.5681017036,winter,4.0,3.88,5.5,9,4.0,3.63,2.75,4.38,30.0,5.13,5.75,48.0
2006-01-01,Turin,Skiing,Cross Country Skiing,"SIDKO, Alena",Women,Sprint 1.5KM,Bronze,Russia,RUS,144096812.0,9092.580536068841,winter,4.0,3.88,5.5,9,4.0,3.63,2.75,4.38,30.0,5.13,5.75,48.0
2006-01-01,Turin,Skiing,Cross Country Skiing,"CRAWFORD, Chandra",Women,Sprint 1.5KM,Gold,Canada,CAN,35851774.0,43248.529909341,winter,4.0,3.88,5.5,9,4.0,3.63,2.75,4.38,30.0,5.13,5.75,48.0
2006-01-01,Turin,Skiing,Cross Country Skiing,"KUENZEL, Claudia",Women,Sprint 1.5KM,Silver,Germany,GER,81413145.0,41313.3139945434,winter,4.0,3.88,5.5,9,4.0,3.63,2.75,4.38,30.0,5.13,5.75,48.0
2006-01-01,Turin,Skiing,Cross Country Skiing,"ALYPOV, Ivan",Men,Team Sprint,Bronze,Russia,RUS,144096812.0,9092.580536068841,winter,4.0,3.88,5.5,9,4.0,3.63,2.75,4.38,30.0,5.13,5.75,48.0
2006-01-01,Turin,Skiing,Cross Country Skiing,"ROTCHEV, Vassili",Men,Team Sprint,Bronze,Russia,RUS,144096812.0,9092.580536068841,winter,4.0,3.88,5.5,9,4.0,3.63,2.75,4.38,30.0,5.13,5.75,48.0
2006-01-01,Turin,Skiing,Cross Country Skiing,"FREDRIKSSON, Thobias",Men,Team Sprint,Gold,Sweden,SWE,9798871.0,50579.67364867769,winter,4.0,3.88,5.5,9,4.0,3.63,2.75,4.38,30.0,5.13,5.75,48.0
2006-01-01,Turin,Skiing,Cross Country Skiing,"LIND, Bjoern",Men,Team Sprint,Gold,Sweden,SWE,9798871.0,50579.67364867769,winter,4.0,3.88,5.5,9,4.0,3.63,2.75,4.38,30.0,5.13,5.75,48.0
2006-01-01,Turin,Skiing,Cross Country Skiing,"HETLAND, Tor Arne",Men,Team Sprint,Silver,Norway,NOR,5195921.0,74400.3697770928,winter,4.0,3.88,5.5,9,4.0,3.63,2.75,4.38,30.0,5.13,5.75,48.0
2006-01-01,Turin,Skiing,Cross Country Skiing,"SVARTEDAL, Jens Arne",Men,Team Sprint,Silver,Norway,NOR,5195921.0,74400.3697770928,winter,4.0,3.88,5.5,9,4.0,3.63,2.75,4.38,30.0,5.13,5.75,48.0
2006-01-01,Turin,Skiing,Cross Country Skiing,"KUITUNEN, Virpi",Women,Team Sprint,Bronze,Finland,FIN,5482013.0,42311.0362306446,winter,4.0,3.88,5.5,9,4.0,3.63,2.75,4.38,30.0,5.13,5.75,48.0
2006-01-01,Turin,Skiing,Cross Country Skiing,"SAARINEN, Aino Kaisa",Women,Team Sprint,Bronze,Finland,FIN,5482013.0,42311.0362306446,winter,4.0,3.88,5.5,9,4.0,3.63,2.75,4.38,30.0,5.13,5.75,48.0
2006-01-01,Turin,Skiing,Cross Country Skiing,"ANDERSSON, Lina",Women,Team Sprint,Gold,Sweden,SWE,9798871.0,50579.67364867769,winter,4.0,3.88,5.5,9,4.0,3.63,2.75,4.38,30.0,5.13,5.75,48.0
2006-01-01,Turin,Skiing,Cross Country Skiing,"DAHLBERG, Anna",Women,Team Sprint,Gold,Sweden,SWE,9798871.0,50579.67364867769,winter,4.0,3.88,5.5,9,4.0,3.63,2.75,4.38,30.0,5.13,5.75,48.0
2006-01-01,Turin,Skiing,Cross Country Skiing,"RENNER, Sara",Women,Team Sprint,Silver,Canada,CAN,35851774.0,43248.529909341,winter,4.0,3.88,5.5,9,4.0,3.63,2.75,4.38,30.0,5.13,5.75,48.0
2006-01-01,Turin,Skiing,Cross Country Skiing,"SCOTT, Beckie",Women,Team Sprint,Silver,Canada,CAN,35851774.0,43248.529909341,winter,4.0,3.88,5.5,9,4.0,3.63,2.75,4.38,30.0,5.13,5.75,48.0
2006-01-01,Turin,Skiing,Freestyle Skiing,"LEBEDEV, Vladimir",Men,Aerials,Bronze,Russia,RUS,144096812.0,9092.580536068841,winter,6.63,3.88,5.13,4.13,6.88,4.13,6.63,4.88,25.0,5.13,5.13,52.5
2006-01-01,Turin,Skiing,Freestyle Skiing,"HAN, Xiaopeng",Men,Aerials,Gold,China,CHN,1371220000.0,8027.6838101390695,winter,6.63,3.88,5.13,4.13,6.88,4.13,6.63,4.88,25.0,5.13,5.13,52.5
2006-01-01,Turin,Skiing,Freestyle Skiing,"DASHINSKI, Dmitri",Men,Aerials,Silver,Belarus,BLR,9513000.0,5740.4564947956205,winter,6.63,3.88,5.13,4.13,6.88,4.13,6.63,4.88,25.0,5.13,5.13,52.5
2006-01-01,Turin,Skiing,Freestyle Skiing,"CAMPLIN, Alisa",Women,Aerials,Bronze,Australia,AUS,23781169.0,56310.9629933721,winter,6.63,3.88,5.13,4.13,6.88,4.13,6.63,4.88,25.0,5.13,5.13,52.5
2006-01-01,Turin,Skiing,Freestyle Skiing,"LEU, Evelyne",Women,Aerials,Gold,Switzerland,SUI,8286976.0,80945.0792194742,winter,6.63,3.88,5.13,4.13,6.88,4.13,6.63,4.88,25.0,5.13,5.13,52.5
2006-01-01,Turin,Skiing,Freestyle Skiing,"LI, Nina",Women,Aerials,Silver,China,CHN,1371220000.0,8027.6838101390695,winter,6.63,3.88,5.13,4.13,6.88,4.13,6.63,4.88,25.0,5.13,5.13,52.5
2006-01-01,Turin,Skiing,Freestyle Skiing,"DAWSON, Toby",Men,Moguls,Bronze,United States,USA,321418820.0,56115.7184261955,winter,6.63,3.88,5.13,4.13,6.88,4.13,6.63,4.88,25.0,5.13,5.13,52.5
2006-01-01,Turin,Skiing,Freestyle Skiing,"BEGG-SMITH, Dale",Men,Moguls,Gold,Australia,AUS,23781169.0,56310.9629933721,winter,6.63,3.88,5.13,4.13,6.88,4.13,6.63,4.88,25.0,5.13,5.13,52.5
2006-01-01,Turin,Skiing,Freestyle Skiing,"RONKAINEN, Mikko",Men,Moguls,Silver,Finland,FIN,5482013.0,42311.0362306446,winter,6.63,3.88,5.13,4.13,6.88,4.13,6.63,4.88,25.0,5.13,5.13,52.5
2006-01-01,Turin,Skiing,Freestyle Skiing,"LAOURA, Sandra",Women,Moguls,Bronze,France,FRA,66808385.0,36205.5681017036,winter,6.63,3.88,5.13,4.13,6.88,4.13,6.63,4.88,25.0,5.13,5.13,52.5
2006-01-01,Turin,Skiing,Freestyle Skiing,"HEIL, Jennifer",Women,Moguls,Gold,Canada,CAN,35851774.0,43248.529909341,winter,6.63,3.88,5.13,4.13,6.88,4.13,6.63,4.88,25.0,5.13,5.13,52.5
2006-01-01,Turin,Skiing,Freestyle Skiing,"TRAA, Kari",Women,Moguls,Silver,Norway,NOR,5195921.0,74400.3697770928,winter,6.63,3.88,5.13,4.13,6.88,4.13,6.63,4.88,25.0,5.13,5.13,52.5
2006-01-01,Turin,Skiing,Ski Jumping,"BYSTOEL, Lars",Men,K120 Individual (90M),Bronze,Norway,NOR,5195921.0,74400.3697770928,winter,4.0,3.5,4.63,3.5,5.0,4.38,9.0,5.75,29.0,4.63,4.5,48.875
2006-01-01,Turin,Skiing,Ski Jumping,"MORGENSTERN, Thomas",Men,K120 Individual (90M),Gold,Austria,AUT,8611088.0,43774.985173612,winter,4.0,3.5,4.63,3.5,5.0,4.38,9.0,5.75,29.0,4.63,4.5,48.875
2006-01-01,Turin,Skiing,Ski Jumping,"KOFLER, Andreas",Men,K120 Individual (90M),Silver,Austria,AUT,8611088.0,43774.985173612,winter,4.0,3.5,4.63,3.5,5.0,4.38,9.0,5.75,29.0,4.63,4.5,48.875
2006-01-01,Turin,Skiing,Ski Jumping,"BYSTOEL, Lars",Men,K120 Team (90M),Bronze,Norway,NOR,5195921.0,74400.3697770928,winter,4.0,3.5,4.63,3.5,5.0,4.38,9.0,5.75,29.0,4.63,4.5,48.875
2006-01-01,Turin,Skiing,Ski Jumping,"INGEBRIGTSEN, Tommy",Men,K120 Team (90M),Bronze,Norway,NOR,5195921.0,74400.3697770928,winter,4.0,3.5,4.63,3.5,5.0,4.38,9.0,5.75,29.0,4.63,4.5,48.875
2006-01-01,Turin,Skiing,Ski Jumping,"LJOEKELSOEY, Roar",Men,K120 Team (90M),Bronze,Norway,NOR,5195921.0,74400.3697770928,winter,4.0,3.5,4.63,3.5,5.0,4.38,9.0,5.75,29.0,4.63,4.5,48.875
2006-01-01,Turin,Skiing,Ski Jumping,"ROMOEREN, Bjoern Einar",Men,K120 Team (90M),Bronze,Norway,NOR,5195921.0,74400.3697770928,winter,4.0,3.5,4.63,3.5,5.0,4.38,9.0,5.75,29.0,4.63,4.5,48.875
2006-01-01,Turin,Skiing,Ski Jumping,"KOCH, Martin",Men,K120 Team (90M),Gold,Austria,AUT,8611088.0,43774.985173612,winter,4.0,3.5,4.63,3.5,5.0,4.38,9.0,5.75,29.0,4.63,4.5,48.875
2006-01-01,Turin,Skiing,Ski Jumping,"KOFLER, Andreas",Men,K120 Team (90M),Gold,Austria,AUT,8611088.0,43774.985173612,winter,4.0,3.5,4.63,3.5,5.0,4.38,9.0,5.75,29.0,4.63,4.5,48.875
2006-01-01,Turin,Skiing,Ski Jumping,"MORGENSTERN, Thomas",Men,K120 Team (90M),Gold,Austria,AUT,8611088.0,43774.985173612,winter,4.0,3.5,4.63,3.5,5.0,4.38,9.0,5.75,29.0,4.63,4.5,48.875
2006-01-01,Turin,Skiing,Ski Jumping,"WIDHOELZL, Andreas",Men,K120 Team (90M),Gold,Austria,AUT,8611088.0,43774.985173612,winter,4.0,3.5,4.63,3.5,5.0,4.38,9.0,5.75,29.0,4.63,4.5,48.875
2006-01-01,Turin,Skiing,Ski Jumping,"AHONEN, Janne",Men,K120 Team (90M),Silver,Finland,FIN,5482013.0,42311.0362306446,winter,4.0,3.5,4.63,3.5,5.0,4.38,9.0,5.75,29.0,4.63,4.5,48.875
2006-01-01,Turin,Skiing,Ski Jumping,"HAPPONEN, Janne",Men,K120 Team (90M),Silver,Finland,FIN,5482013.0,42311.0362306446,winter,4.0,3.5,4.63,3.5,5.0,4.38,9.0,5.75,29.0,4.63,4.5,48.875
2006-01-01,Turin,Skiing,Ski Jumping,"HAUTAMAEKI, Matti",Men,K120 Team (90M),Silver,Finland,FIN,5482013.0,42311.0362306446,winter,4.0,3.5,4.63,3.5,5.0,4.38,9.0,5.75,29.0,4.63,4.5,48.875
2006-01-01,Turin,Skiing,Ski Jumping,"KIURU, Tami",Men,K120 Team (90M),Silver,Finland,FIN,5482013.0,42311.0362306446,winter,4.0,3.5,4.63,3.5,5.0,4.38,9.0,5.75,29.0,4.63,4.5,48.875
2006-01-01,Turin,Skiing,Ski Jumping,"LJOEKELSOEY, Roar",Men,K90 Individual (70M),Bronze,Norway,NOR,5195921.0,74400.3697770928,winter,4.0,3.5,4.63,3.5,5.0,4.38,9.0,5.75,29.0,4.63,4.5,48.875
2006-01-01,Turin,Skiing,Ski Jumping,"BYSTOEL, Lars",Men,K90 Individual (70M),Gold,Norway,NOR,5195921.0,74400.3697770928,winter,4.0,3.5,4.63,3.5,5.0,4.38,9.0,5.75,29.0,4.63,4.5,48.875
2006-01-01,Turin,Skiing,Ski Jumping,"HAUTAMAEKI, Matti",Men,K90 Individual (70M),Silver,Finland,FIN,5482013.0,42311.0362306446,winter,4.0,3.5,4.63,3.5,5.0,4.38,9.0,5.75,29.0,4.63,4.5,48.875
