2010-01-01,Vancouver,Bobsleigh,Bobsleigh,"BISSETT, David",Men,Four-Man,Bronze,Canada,CAN,35851774.0,43248.529909341,winter,4.13,4.25,3.5,3.5,3.25,4.13,7.75,6.5,28.0,6.75,5.5,49.25
2010-01-01,Vancouver,Bobsleigh,Bobsleigh,"BROWN, Lascelles",Men,Four-Man,Bronze,Canada,CAN,35851774.0,43248.529909341,winter,4.13,4.25,3.5,3.5,3.25,4.13,7.75,6.5,28.0,6.75,5.5,49.25
2010-01-01,Vancouver,Bobsleigh,Bobsleigh,"Le BIHAN, Chris",Men,Four-Man,Bronze,Canada,CAN,35851774.0,43248.529909341,winter,4.13,4.25,3.5,3.5,3.25,4.13,7.75,6.5,28.0,6.75,5.5,49.25
2010-01-01,Vancouver,Bobsleigh,Bobsleigh,"RUSH, Lyndon",Men,Four-Man,Bronze,Canada,CAN,35851774.0,43248.529909341,winter,4.13,4.25,3.5,3.5,3.25,4.13,7.75,6.5,28.0,6.75,5.5,49.25
2010-01-01,Vancouver,Bobsleigh,Bobsleigh,"HOLCOMB, Steven",Men,Four-Man,Gold,United States,USA,321418820.0,56115.7184261955,winter,4.13,4.25,3.5,3.5,3.25,4.13,7.75,6.5,28.0,6.75,5.5,49.25
2010-01-01,Vancouver,Bobsleigh,Bobsleigh,"MESLER, Steve",Men,Four-Man,Gold,United States,USA,321418820.0,56115.7184261955,winter,4.13,4.25,3.5,3.5,3.25,4.13,7.75,6.5,28.0,6.75,5.5,49.25
2010-01-01,Vancouver,Bobsleigh,Bobsleigh,"OLSEN, Justin",Men,Four-Man,Gold,United States,USA,321418820.0,56115.7184261955,winter,4.13,4.25,3.5,3.5,3.25,4.13,7.75,6.5,28.0,6.75,5.5,49.25
2010-01-01,Vancouver,Bobsleigh,Bobsleigh,"TOMASEVICZ, Curtis",Men,Four-Man,Gold,United States,USA,321418820.0,56115.7184261955,winter,4.13,4.25,3.5,3.5,3.25,4.13,7.75,6.5,28.0,6.75,5.5,49.25
2010-01-01,Vancouver,Bobsleigh,Bobsleigh,"KUSKE, Kevin",Men,Four-Man,Silver,Germany,GER,81413145.0,41313.3139945434,winter,4.13,4.25,3.5,3.5,3.25,4.13,7.75,6.5,28.0,6.75,5.5,49.25
2010-01-01,Vancouver,Bobsleigh,Bobsleigh,"LANGE, Andre",Men,Four-Man,Silver,Germany,GER,81413145.0,41313.3139945434,winter,4.13,4.25,3.5,3.5,3.25,4.13,7.75,6.5,28.0,6.75,5.5,49.25
2010-01-01,Vancouver,Bobsleigh,Bobsleigh,"PUTZE, Martin",Men,Four-Man,Silver,Germany,GER,81413145.0,41313.3139945434,winter,4.13,4.25,3.5,3.5,3.25,4.13,7.75,6.5,28.0,6.75,5.5,49.25
2010-01-01,Vancouver,Bobsleigh,Bobsleigh,"ROEDIGER, Alexander",Men,Four-Man,Silver,Germany,GER,81413145.0,41313.3139945434,winter,4.13,4.25,3.5,3.5,3.25,4.13,7.75,6.5,28.0,6.75,5.5,49.25
2010-01-01,Vancouver,Bobsleigh,Bobsleigh,"VOEVODA, Alexey",Men,Two-Man,Bronze,Russia,RUS,144096812.0,9092.580536068841,winter,4.13,4.25,3.5,3.5,3.25,4.13,7.75,6.5,28.0,6.75,5.5,49.25
2010-01-01,Vancouver,Bobsleigh,Bobsleigh,"ZUBKOV, Alexsandr",Men,Two-Man,Bronze,Russia,RUS,144096812.0,9092.580536068841,winter,4.13,4.25,3.5,3.5,3.25,4.13,7.75,6.5,28.0,6.75,5.5,49.25
2010-01-01,Vancouver,Bobsleigh,Bobsleigh,"KUSKE, Kevin",Men,Two-Man,Gold,Germany,GER,81413145.0,41313.3139945434,winter,4.13,4.25,3.5,3.5,3.25,4.13,7.75,6.5,28.0,6.75,5.5,49.25
2010-01-01,Vancouver,Bobsleigh,Bobsleigh,"LANGE, Andre",Men,Two-Man,Gold,Germany,GER,81413145.0,41313.3139945434,winter,4.13,4.25,3.5,3.5,3.25,4.13,7.75,6.5,28.0,6.75,5.5,49.25
2010-01-01,Vancouver,Bobsleigh,Bobsleigh,"ADJEI, Richard",Men,Two-Man,Silver,Germany,GER,81413145.0,41313.3139945434,winter,4.13,4.25,3.5,3.5,3.25,4.13,7.75,6.5,28.0,6.75,5.5,49.25
2010-01-01,Vancouver,Bobsleigh,Bobsleigh,"FLORSCHUETZ, Thomas",Men,Two-Man,Silver,Germany,GER,81413145.0,41313.3139945434,winter,4.13,4.25,3.5,3.5,3.25,4.13,7.75,6.5,28.0,6.75,5.5,49.25
2010-01-01,Vancouver,Bobsleigh,Bobsleigh,"MEYERS, Elana",Women,Two-Man,Bronze,United States,USA,321418820.0,56115.7184261955,winter,4.13,4.25,3.5,3.5,3.25,4.13,7.75,6.5,28.0,6.75,5.5,49.25
2010-01-01,Vancouver,Bobsleigh,Bobsleigh,"PAC, Erin",Women,Two-Man,Bronze,United States,USA,321418820.0,56115.7184261955,winter,4.13,4.25,3.5,3.5,3.25,4.13,7.75,6.5,28.0,6.75,5.5,49.25
2010-01-01,Vancouver,Bobsleigh,Bobsleigh,"HUMPHRIES, Kaillie",Women,Two-Man,Gold,Canada,CAN,35851774.0,43248.529909341,winter,4.13,4.25,3.5,3.5,3.25,4.13,7.75,6.5,28.0,6.75,5.5,49.25
2010-01-01,Vancouver,Bobsleigh,Bobsleigh,"MOYSE, Heather",Women,Two-Man,Gold,Canada,CAN,35851774.0,43248.529909341,winter,4.13,4.25,3.5,3.5,3.25,4.13,7.75,6.5,28.0,6.75,5.5,49.25
2010-01-01,Vancouver,Bobsleigh,Bobsleigh,"BROWN, Shelley-Ann",Women,Two-Man,Silver,Canada,CAN,35851774.0,43248.529909341,winter,4.13,4.25,3.5,3.5,3.25,4.13,7.75,6.5,28.0,6.75,5.5,49.25
2010-01-01,Vancouver,Bobsleigh,Bobsleigh,"UPPERTON, Helen",Women,Two-Man,Silver,Canada,CAN,35851774.0,43248.529909341,winter,4.13,4.25,3.5,3.5,3.25,4.13,7.75,6.5,28.0,6.75,5.5,49.25
2010-01-01,Vancouver,Curling,Curling,"EGGLER, Markus",Men,Curling,Bronze,Switzerland,SUI,8286976.0,80945.0792194742,winter,2.25,5.63,1.5,2.25,2.63,4.88,1.75,2.5,56.0,1.5,2.63,27.5
2010-01-01,Vancouver,Curling,Curling,"HAUSER, Jan",Men,Curling,Bronze,Switzerland,SUI,8286976.0,80945.0792194742,winter,2.25,5.63,1.5,2.25,2.63,4.88,1.75,2.5,56.0,1.5,2.63,27.5
2010-01-01,Vancouver,Curling,Curling,"MUELLER, Toni",Men,Curling,Bronze,Switzerland,SUI,8286976.0,80945.0792194742,winter,2.25,5.63,1.5,2.25,2.63,4.88,1.75,2.5,56.0,1.5,2.63,27.5
2010-01-01,Vancouver,Curling,Curling,"STOECKLI, Ralph",Men,Curling,Bronze,Switzerland,SUI,8286976.0,80945.0792194742,winter,2.25,5.63,1.5,2.25,2.63,4.88,1.75,2.5,56.0,1.5,2.63,27.5
2010-01-01,Vancouver,Curling,Curling,"STRUEBIN, Simon",Men,Curling,Bronze,Switzerland,SUI,8286976.0,80945.0792194742,winter,2.25,5.63,1.5,2.25,2.63,4.88,1.75,2.5,56.0,1.5,2.63,27.5
2010-01-01,Vancouver,Curling,Curling,"ENRIGHT, Adam",Men,Curling,Gold,Canada,CAN,35851774.0,43248.529909341,winter,2.25,5.63,1.5,2.25,2.63,4.88,1.75,2.5,56.0,1.5,2.63,27.5
2010-01-01,Vancouver,Curling,Curling,"HEBERT, Ben",Men,Curling,Gold,Canada,CAN,35851774.0,43248.529909341,winter,2.25,5.63,1.5,2.25,2.63,4.88,1.75,2.5,56.0,1.5,2.63,27.5
2010-01-01,Vancouver,Curling,Curling,"KENNEDY, Marc",Men,Curling,Gold,Canada,CAN,35851774.0,43248.529909341,winter,2.25,5.63,1.5,2.25,2.63,4.88,1.75,2.5,56.0,1.5,2.63,27.5
2010-01-01,Vancouver,Curling,Curling,"MARTIN, Kevin",Men,Curling,Gold,Canada,CAN,35851774.0,43248.529909341,winter,2.25,5.63,1.5,2.25,2.63,4.88,1.75,2.5,56.0,1.5,2.63,27.5
2010-01-01,Vancouver,Curling,Curling,"MORRIS, John",Men,Curling,Gold,Canada,CAN,35851774.0,43248.529909341,winter,2.25,5.63,1.5,2.25,2.63,4.88,1.75,2.5,56.0,1.5,2.63,27.5
2010-01-01,Vancouver,Curling,Curling,"LOEVOLD, Thomas",Men,Curling,Silver,Norway,NOR,5195921.0,74400.3697770928,winter,2.25,5.63,1.5,2.25,2.63,4.88,1.75,2.5,56.0,1.5,2.63,27.5
2010-01-01,Vancouver,Curling,Curling,"NERGAARD, Torger",Men,Curling,Silver,Norway,NOR,5195921.0,74400.3697770928,winter,2.25,5.63,1.5,2.25,2.63,4.88,1.75,2.5,56.0,1.5,2.63,27.5
2010-01-01,Vancouver,Curling,Curling,"PETERSSON, Haavard Vad",Men,Curling,Silver,Norway,NOR,5195921.0,74400.3697770928,winter,2.25,5.63,1.5,2.25,2.63,4.88,1.75,2.5,56.0,1.5,2.63,27.5
2010-01-01,Vancouver,Curling,Curling,"SVAE, Christoffer",Men,Curling,Silver,Norway,NOR,5195921.0,74400.3697770928,winter,2.25,5.63,1.5,2.25,2.63,4.88,1.75,2.5,56.0,1.5,2.63,27.5
2010-01-01,Vancouver,Curling,Curling,"ULSRUD, Thomas",Men,Curling,Silver,Norway,NOR,5195921.0,74400.3697770928,winter,2.25,5.63,1.5,2.25,2.63,4.88,1.75,2.5,56.0,1.5,2.63,27.5
2010-01-01,Vancouver,Curling,Curling,"LIU, Jinli",Women,Curling,Bronze,China,CHN,1371220000.0,8027.6838101390695,winter,2.25,5.63,1.5,2.25,2.63,4.88,1.75,2.5,56.0,1.5,2.63,27.5
2010-01-01,Vancouver,Curling,Curling,"LIU, Yin",Women,Curling,Bronze,China,CHN,1371220000.0,8027.6838101390695,winter,2.25,5.63,1.5,2.25,2.63,4.88,1.75,2.5,56.0,1.5,2.63,27.5
2010-01-01,Vancouver,Curling,Curling,"WANG, Bingyu",Women,Curling,Bronze,China,CHN,1371220000.0,8027.6838101390695,winter,2.25,5.63,1.5,2.25,2.63,4.88,1.75,2.5,56.0,1.5,2.63,27.5
2010-01-01,Vancouver,Curling,Curling,"YUE, Qingshuang",Women,Curling,Bronze,China,CHN,1371220000.0,8027.6838101390695,winter,2.25,5.63,1.5,2.25,2.63,4.88,1.75,2.5,56.0,1.5,2.63,27.5
2010-01-01,Vancouver,Curling,Curling,"ZHOU, Yan",Women,Curling,Bronze,China,CHN,1371220000.0,8027.6838101390695,winter,2.25,5.63,1.5,2.25,2.63,4.88,1.75,2.5,56.0,1.5,2.63,27.5
2010-01-01,Vancouver,Curling,Curling,"BERGSTROEM, Kajsa",Women,Curling,Gold,Sweden,SWE,9798871.0,50579.67364867769,winter,2.25,5.63,1.5,2.25,2.63,4.88,1.75,2.5,56.0,1.5,2.63,27.5
2010-01-01,Vancouver,Curling,Curling,"SVAERD, Anna",Women,Curling,Gold,Sweden,SWE,9798871.0,50579.67364867769,winter,2.25,5.63,1.5,2.25,2.63,4.88,1.75,2.5,56.0,1.5,2.63,27.5
2010-01-01,Vancouver,Curling,Curling,"LINDAHL, Cathrine",Women,Curling,Gold,Sweden,SWE,9798871.0,50579.67364867769,winter,2.25,5.63,1.5,2.25,2.63,4.88,1.75,2.5,56.0,1.5,2.63,27.5
2010-01-01,Vancouver,Curling,Curling,"LUND, Eva",Women,Curling,Gold,Sweden,SWE,9798871.0,50579.67364867769,winter,2.25,5.63,1.5,2.25,2.63,4.88,1.75,2.5,56.0,1.5,2.63,27.5
2010-01-01,Vancouver,Curling,Curling,"NORBERG, Anette",Women,Curling,Gold,Sweden,SWE,9798871.0,50579.67364867769,winter,2.25,5.63,1.5,2.25,2.63,4.88,1.75,2.5,56.0,1.5,2.63,27.5
2010-01-01,Vancouver,Curling,Curling,"BARTEL, Cori",Women,Curling,Silver,Canada,CAN,35851774.0,43248.529909341,winter,2.25,5.63,1.5,2.25,2.63,4.88,1.75,2.5,56.0,1.5,2.63,27.5
2010-01-01,Vancouver,Curling,Curling,"BERNARD, Cheryl",Women,Curling,Silver,Canada,CAN,35851774.0,43248.529909341,winter,2.25,5.63,1.5,2.25,2.63,4.88,1.75,2.5,56.0,1.5,2.63,27.5
2010-01-01,Vancouver,Curling,Curling,"DARBYSHIRE, Carolyn",Women,Curling,Silver,Canada,CAN,35851774.0,43248.529909341,winter,2.25,5.63,1.5,2.25,2.63,4.88,1.75,2.5,56.0,1.5,2.63,27.5
2010-01-01,Vancouver,Curling,Curling,"MOORE, Kristie",Women,Curling,Silver,Canada,CAN,35851774.0,43248.529909341,winter,2.25,5.63,1.5,2.25,2.63,4.88,1.75,2.5,56.0,1.5,2.63,27.5
2010-01-01,Vancouver,Curling,Curling,"O CONNOR, Susan",Women,Curling,Silver,Canada,CAN,35851774.0,43248.529909341,winter,2.25,5.63,1.5,2.25,2.63,4.88,1.75,2.5,56.0,1.5,2.63,27.5
2010-01-01,Vancouver,Ice Hockey,Ice Hockey,"BACKSTROM, Niklas",Men,Ice Hockey,Bronze,Finland,FIN,5482013.0,42311.0362306446,winter,7.63,7.5,8.25,7.25,4.88,7.5,6.0,7.88,2.0,7.75,7.13,71.75
2010-01-01,Vancouver,Ice Hockey,Ice Hockey,"FILPPULA, Valtteri",Men,Ice Hockey,Bronze,Finland,FIN,5482013.0,42311.0362306446,winter,7.63,7.5,8.25,7.25,4.88,7.5,6.0,7.88,2.0,7.75,7.13,71.75
2010-01-01,Vancouver,Ice Hockey,Ice Hockey,"HAGMAN, Niklas",Men,Ice Hockey,Bronze,Finland,FIN,5482013.0,42311.0362306446,winter,7.63,7.5,8.25,7.25,4.88,7.5,6.0,7.88,2.0,7.75,7.13,71.75
2010-01-01,Vancouver,Ice Hockey,Ice Hockey,"IMMONEN, Jarkko",Men,Ice Hockey,Bronze,Finland,FIN,5482013.0,42311.0362306446,winter,7.63,7.5,8.25,7.25,4.88,7.5,6.0,7.88,2.0,7.75,7.13,71.75
2010-01-01,Vancouver,Ice Hockey,Ice Hockey,"JOKINEN, Olli",Men,Ice Hockey,Bronze,Finland,FIN,5482013.0,42311.0362306446,winter,7.63,7.5,8.25,7.25,4.88,7.5,6.0,7.88,2.0,7.75,7.13,71.75
2010-01-01,Vancouver,Ice Hockey,Ice Hockey,"KAPANEN, Niko",Men,Ice Hockey,Bronze,Finland,FIN,5482013.0,42311.0362306446,winter,7.63,7.5,8.25,7.25,4.88,7.5,6.0,7.88,2.0,7.75,7.13,71.75
2010-01-01,Vancouver,Ice Hockey,Ice Hockey,"KIPRUSOFF, Miikka",Men,Ice Hockey,Bronze,Finland,FIN,5482013.0,42311.0362306446,winter,7.63,7.5,8.25,7.25,4.88,7.5,6.0,7.88,2.0,7.75,7.13,71.75
2010-01-01,Vancouver,Ice Hockey,Ice Hockey,"KOIVU, Mikko",Men,Ice Hockey,Bronze,Finland,FIN,5482013.0,42311.0362306446,winter,7.63,7.5,8.25,7.25,4.88,7.5,6.0,7.88,2.0,7.75,7.13,71.75
2010-01-01,Vancouver,Ice Hockey,Ice Hockey,"KOIVU, Saku",Men,Ice Hockey,Bronze,Finland,FIN,5482013.0,42311.0362306446,winter,7.63,7.5,8.25,7.25,4.88,7.5,6.0,7.88,2.0,7.75,7.13,71.75
2010-01-01,Vancouver,Ice Hockey,Ice Hockey,"KUKKONEN, Lasse",Men,Ice Hockey,Bronze,Finland,FIN,5482013.0,42311.0362306446,winter,7.63,7.5,8.25,7.25,4.88,7.5,6.0,7.88,2.0,7.75,7.13,71.75
2010-01-01,Vancouver,Ice Hockey,Ice Hockey,"LEHTINEN, Jere",Men,Ice Hockey,Bronze,Finland,FIN,5482013.0,42311.0362306446,winter,7.63,7.5,8.25,7.25,4.88,7.5,6.0,7.88,2.0,7.75,7.13,71.75
2010-01-01,Vancouver,Ice Hockey,Ice Hockey,"LEPISTO, Sami",Men,Ice Hockey,Bronze,Finland,FIN,5482013.0,42311.0362306446,winter,7.63,7.5,8.25,7.25,4.88,7.5,6.0,7.88,2.0,7.75,7.13,71.75
2010-01-01,Vancouver,Ice Hockey,Ice Hockey,"LYDMAN, Toni",Men,Ice Hockey,Bronze,Finland,FIN,5482013.0,42311.0362306446,winter,7.63,7.5,8.25,7.25,4.88,7.5,6.0,7.88,2.0,7.75,7.13,71.75
2010-01-01,Vancouver,Ice Hockey,Ice Hockey,"MIETTINEN, Antti",Men,Ice Hockey,Bronze,Finland,FIN,5482013.0,42311.0362306446,winter,7.63,7.5,8.25,7.25,4.88,7.5,6.0,7.88,2.0,7.75,7.13,71.75
2010-01-01,Vancouver,Ice Hockey,Ice Hockey,"NIITTYMAKI, Antero",Men,Ice Hockey,Bronze,Finland,FIN,5482013.0,42311.0362306446,winter,7.63,7.5,8.25,7.25,4.88,7.5,6.0,7.88,2.0,7.75,7.13,71.75
2010-01-01,Vancouver,Ice Hockey,Ice Hockey,"NISKALA, Janne",Men,Ice Hockey,Bronze,Finland,FIN,5482013.0,42311.0362306446,winter,7.63,7.5,8.25,7.25,4.88,7.5,6.0,7.88,2.0,7.75,7.13,71.75
2010-01-01,Vancouver,Ice Hockey,Ice Hockey,"PELTONEN, Ville",Men,Ice Hockey,Bronze,Finland,FIN,5482013.0,42311.0362306446,winter,7.63,7.5,8.25,7.25,4.88,7.5,6.0,7.88,2.0,7.75,7.13,71.75
2010-01-01,Vancouver,Ice Hockey,Ice Hockey,"PITKANEN, Joni",Men,Ice Hockey,Bronze,Finland,FIN,5482013.0,42311.0362306446,winter,7.63,7.5,8.25,7.25,4.88,7.5,6.0,7.88,2.0,7.75,7.13,71.75
2010-01-01,Vancouver,Ice Hockey,Ice Hockey,"RUUTU, Jarkko",Men,Ice Hockey,Bronze,Finland,FIN,5482013.0,42311.0362306446,winter,7.63,7.5,8.25,7.25,4.88,7.5,6.0,7.88,2.0,7.75,7.13,71.75
2010-01-01,Vancouver,Ice Hockey,Ice Hockey,"RUUTU, Tuomo",Men,Ice Hockey,Bronze,Finland,FIN,5482013.0,42311.0362306446,winter,7.63,7.5,8.25,7.25,4.88,7.5,6.0,7.88,2.0,7.75,7.13,71.75
2010-01-01,Vancouver,Ice Hockey,Ice Hockey,"SALO, Sami",Men,Ice Hockey,Bronze,Finland,FIN,5482013.0,42311.0362306446,winter,7.63,7.5,8.25,7.25,4.88,7.5,6.0,7.88,2.0,7.75,7.13,71.75
2010-01-01,Vancouver,Ice Hockey,Ice Hockey,"SELANNE, Teemu",Men,Ice Hockey,Bronze,Finland,FIN,5482013.0,42311.0362306446,winter,7.63,7.5,8.25,7.25,4.88,7.5,6.0,7.88,2.0,7.75,7.13,71.75
2010-01-01,Vancouver,Ice Hockey,Ice Hockey,"TIMONEN, Kimmo",Men,Ice Hockey,Bronze,Finland,FIN,5482013.0,42311.0362306446,winter,7.63,7.5,8.25,7.25,4.88,7.5,6.0,7.88,2.0,7.75,7.13,71.75
2010-01-01,Vancouver,Ice Hockey,Ice Hockey,"BERGERON, Patrice",Men,Ice Hockey,Gold,Canada,CAN,35851774.0,43248.529909341,winter,7.63,7.5,8.25,7.25,4.88,7.5,6.0,7.88,2.0,7.75,7.13,71.75
2010-01-01,Vancouver,Ice Hockey,Ice Hockey,"BOYLE, Dan",Men,Ice Hockey,Gold,Canada,CAN,35851774.0,43248.529909341,winter,7.63,7.5,8.25,7.25,4.88,7.5,6.0,7.88,2.0,7.75,7.13,71.75
2010-01-01,Vancouver,Ice Hockey,Ice Hockey,"BRODEUR, Martin",Men,Ice Hockey,Gold,Canada,CAN,35851774.0,43248.529909341,winter,7.63,7.5,8.25,7.25,4.88,7.5,6.0,7.88,2.0,7.75,7.13,71.75
2010-01-01,Vancouver,Ice Hockey,Ice Hockey,"CROSBY, Sidney",Men,Ice Hockey,Gold,Canada,CAN,35851774.0,43248.529909341,winter,7.63,7.5,8.25,7.25,4.88,7.5,6.0,7.88,2.0,7.75,7.13,71.75
2010-01-01,Vancouver,Ice Hockey,Ice Hockey,"DOUGHTY, Drew",Men,Ice Hockey,Gold,Canada,CAN,35851774.0,43248.529909341,winter,7.63,7.5,8.25,7.25,4.88,7.5,6.0,7.88,2.0,7.75,7.13,71.75
2010-01-01,Vancouver,Ice Hockey,Ice Hockey,"FLEURY, Marc-Andre",Men,Ice Hockey,Gold,Canada,CAN,35851774.0,43248.529909341,winter,7.63,7.5,8.25,7.25,4.88,7.5,6.0,7.88,2.0,7.75,7.13,71.75
2010-01-01,Vancouver,Ice Hockey,Ice Hockey,"GETZLAF, Ryan",Men,Ice Hockey,Gold,Canada,CAN,35851774.0,43248.529909341,winter,7.63,7.5,8.25,7.25,4.88,7.5,6.0,7.88,2.0,7.75,7.13,71.75
2010-01-01,Vancouver,Ice Hockey,Ice Hockey,"HEATLEY, Dany",Men,Ice Hockey,Gold,Canada,CAN,35851774.0,43248.529909341,winter,7.63,7.5,8.25,7.25,4.88,7.5,6.0,7.88,2.0,7.75,7.13,71.75
2010-01-01,Vancouver,Ice Hockey,Ice Hockey,"IGINLA, Jarome",Men,Ice Hockey,Gold,Canada,CAN,35851774.0,43248.529909341,winter,7.63,7.5,8.25,7.25,4.88,7.5,6.0,7.88,2.0,7.75,7.13,71.75
2010-01-01,Vancouver,Ice Hockey,Ice Hockey,"KEITH, Duncan",Men,Ice Hockey,Gold,Canada,CAN,35851774.0,43248.529909341,winter,7.63,7.5,8.25,7.25,4.88,7.5,6.0,7.88,2.0,7.75,7.13,71.75
2010-01-01,Vancouver,Ice Hockey,Ice Hockey,"LUONGO, Roberto",Men,Ice Hockey,Gold,Canada,CAN,35851774.0,43248.529909341,winter,7.63,7.5,8.25,7.25,4.88,7.5,6.0,7.88,2.0,7.75,7.13,71.75
2010-01-01,Vancouver,Ice Hockey,Ice Hockey,"MARLEAU, Patrick",Men,Ice Hockey,Gold,Canada,CAN,35851774.0,43248.529909341,winter,7.63,7.5,8.25,7.25,4.88,7.5,6.0,7.88,2.0,7.75,7.13,71.75
2010-01-01,Vancouver,Ice Hockey,Ice Hockey,"MORROW, Brenden",Men,Ice Hockey,Gold,Canada,CAN,35851774.0,43248.529909341,winter,7.63,7.5,8.25,7.25,4.88,7.5,6.0,7.88,2.0,7.75,7.13,71.75
2010-01-01,Vancouver,Ice Hockey,Ice Hockey,"NASH, Rick",Men,Ice Hockey,Gold,Canada,CAN,35851774.0,43248.529909341,winter,7.63,7.5,8.25,7.25,4.88,7.5,6.0,7.88,2.0,7.75,7.13,71.75
2010-01-01,Vancouver,Ice Hockey,Ice Hockey,"NIEDERMAYER, Scott",Men,Ice Hockey,Gold,Canada,CAN,35851774.0,43248.529909341,winter,7.63,7.5,8.25,7.25,4.88,7.5,6.0,7.88,2.0,7.75,7.13,71.75
2010-01-01,Vancouver,Ice Hockey,Ice Hockey,"PERRY, Corey",Men,Ice Hockey,Gold,Canada,CAN,35851774.0,43248.529909341,winter,7.63,7.5,8.25,7.25,4.88,7.5,6.0,7.88,2.0,7.75,7.13,71.75
2010-01-01,Vancouver,Ice Hockey,Ice Hockey,"PRONGER, Chris",Men,Ice Hockey,Gold,Canada,CAN,35851774.0,43248.529909341,winter,7.63,7.5,8.25,7.25,4.88,7.5,6.0,7.88,2.0,7.75,7.13,71.75
2010-01-01,Vancouver,Ice Hockey,Ice Hockey,"RICHARDS, Mike",Men,Ice Hockey,Gold,Canada,CAN,35851774.0,43248.529909341,winter,7.63,7.5,8.25,7.25,4.88,7.5,6.0,7.88,2.0,7.75,7.13,71.75
2010-01-01,Vancouver,Ice Hockey,Ice Hockey,"SEABROOK, Brent",Men,Ice Hockey,Gold,Canada,CAN,35851774.0,43248.529909341,winter,7.63,7.5,8.25,7.25,4.88,7.5,6.0,7.88,2.0,7.75,7.13,71.75
2010-01-01,Vancouver,Ice Hockey,Ice Hockey,"STAAL, Eric",Men,Ice Hockey,Gold,Canada,CAN,35851774.0,43248.529909341,winter,7.63,7.5,8.25,7.25,4.88,7.5,6.0,7.88,2.0,7.75,7.13,71.75
2010-01-01,Vancouver,Ice Hockey,Ice Hockey,"THORNTON, Joe",Men,Ice Hockey,Gold,Canada,CAN,35851774.0,43248.529909341,winter,7.63,7.5,8.25,7.25,4.88,7.5,6.0,7.88,2.0,7.75,7.13,71.75
2010-01-01,Vancouver,Ice Hockey,Ice Hockey,"TOEWS, Jonathan",Men,Ice Hockey,Gold,Canada,CAN,35851774.0,43248.529909341,winter,7.63,7.5,8.25,7.25,4.88,7.5,6.0,7.88,2.0,7.75,7.13,71.75
2010-01-01,Vancouver,Ice Hockey,Ice Hockey,"WEBER, Shea",Men,Ice Hockey,Gold,Canada,CAN,35851774.0,43248.529909341,winter,7.63,7.5,8.25,7.25,4.88,7.5,6.0,7.88,2.0,7.75,7.13,71.75
2010-01-01,Vancouver,Ice Hockey,Ice Hockey,"BACKES, David",Men,Ice Hockey,Silver,United States,USA,321418820.0,56115.7184261955,winter,7.63,7.5,8.25,7.25,4.88,7.5,6.0,7.88,2.0,7.75,7.13,71.75
2010-01-01,Vancouver,Ice Hockey,Ice Hockey,"BROWN, Dustin",Men,Ice Hockey,Silver,United States,USA,321418820.0,56115.7184261955,winter,7.63,7.5,8.25,7.25,4.88,7.5,6.0,7.88,2.0,7.75,7.13,71.75
2010-01-01,Vancouver,Ice Hockey,Ice Hockey,"CALLAHAN, Ryan",Men,Ice Hockey,Silver,United States,USA,321418820.0,56115.7184261955,winter,7.63,7.5,8.25,7.25,4.88,7.5,6.0,7.88,2.0,7.75,7.13,71.75
2010-01-01,Vancouver,Ice Hockey,Ice Hockey,"DRURY, Chris",Men,Ice Hockey,Silver,United States,USA,321418820.0,56115.7184261955,winter,7.63,7.5,8.25,7.25,4.88,7.5,6.0,7.88,2.0,7.75,7.13,71.75
2010-01-01,Vancouver,Ice Hockey,Ice Hockey,"GLEASON, Tim",Men,Ice Hockey,Silver,United States,USA,321418820.0,56115.7184261955,winter,7.63,7.5,8.25,7.25,4.88,7.5,6.0,7.88,2.0,7.75,7.13,71.75
2010-01-01,Vancouver,Ice Hockey,Ice Hockey,"JOHNSON, Erik",Men,Ice Hockey,Silver,United States,USA,321418820.0,56115.7184261955,winter,7.63,7.5,8.25,7.25,4.88,7.5,6.0,7.88,2.0,7.75,7.13,71.75
2010-01-01,Vancouver,Ice Hockey,Ice Hockey,"JOHNSON, Jack",Men,Ice Hockey,Silver,United States,USA,321418820.0,56115.7184261955,winter,7.63,7.5,8.25,7.25,4.88,7.5,6.0,7.88,2.0,7.75,7.13,71.75
2010-01-01,Vancouver,Ice Hockey,Ice Hockey,"KANE, Patrick",Men,Ice Hockey,Silver,United States,USA,321418820.0,56115.7184261955,winter,7.63,7.5,8.25,7.25,4.88,7.5,6.0,7.88,2.0,7.75,7.13,71.75
2010-01-01,Vancouver,Ice Hockey,Ice Hockey,"KESLER, Ryan",Men,Ice Hockey,Silver,United States,USA,321418820.0,56115.7184261955,winter,7.63,7.5,8.25,7.25,4.88,7.5,6.0,7.88,2.0,7.75,7.13,71.75
2010-01-01,Vancouver,Ice Hockey,Ice Hockey,"KESSEL, Phil",Men,Ice Hockey,Silver,United States,USA,321418820.0,56115.7184261955,winter,7.63,7.5,8.25,7.25,4.88,7.5,6.0,7.88,2.0,7.75,7.13,71.75
2010-01-01,Vancouver,Ice Hockey,Ice Hockey,"LANGENBRUNNER, Jamie",Men,Ice Hockey,Silver,United States,USA,321418820.0,56115.7184261955,winter,7.63,7.5,8.25,7.25,4.88,7.5,6.0,7.88,2.0,7.75,7.13,71.75
2010-01-01,Vancouver,Ice Hockey,Ice Hockey,"MALONE, Ryan",Men,Ice Hockey,Silver,United States,USA,321418820.0,56115.7184261955,winter,7.63,7.5,8.25,7.25,4.88,7.5,6.0,7.88,2.0,7.75,7.13,71.75
2010-01-01,Vancouver,Ice Hockey,Ice Hockey,"MILLER, Ryan",Men,Ice Hockey,Silver,United States,USA,321418820.0,56115.7184261955,winter,7.63,7.5,8.25,7.25,4.88,7.5,6.0,7.88,2.0,7.75,7.13,71.75
2010-01-01,Vancouver,Ice Hockey,Ice Hockey,"ORPIK, Brooks",Men,Ice Hockey,Silver,United States,USA,321418820.0,56115.7184261955,winter,7.63,7.5,8.25,7.25,4.88,7.5,6.0,7.88,2.0,7.75,7.13,71.75
2010-01-01,Vancouver,Ice Hockey,Ice Hockey,"PARISE, Zach",Men,Ice Hockey,Silver,United States,USA,321418820.0,56115.7184261955,winter,7.63,7.5,8.25,7.25,4.88,7.5,6.0,7.88,2.0,7.75,7.13,71.75
2010-01-01,Vancouver,Ice Hockey,Ice Hockey,"PAVELSKI, Joe",Men,Ice Hockey,Silver,United States,USA,321418820.0,56115.7184261955,winter,7.63,7.5,8.25,7.25,4.88,7.5,6.0,7.88,2.0,7.75,7.13,71.75
2010-01-01,Vancouver,Ice Hockey,Ice Hockey,"QUICK, Jonathan",Men,Ice Hockey,Silver,United States,USA,321418820.0,56115.7184261955,winter,7.63,7.5,8.25,7.25,4.88,7.5,6.0,7.88,2.0,7.75,7.13,71.75
2010-01-01,Vancouver,Ice Hockey,Ice Hockey,"RAFALSKI, Brian",Men,Ice Hockey,Silver,United States,USA,321418820.0,56115.7184261955,winter,7.63,7.5,8.25,7.25,4.88,7.5,6.0,7.88,2.0,7.75,7.13,71.75
2010-01-01,Vancouver,Ice Hockey,Ice Hockey,"RYAN, Bobby",Men,Ice Hockey,Silver,United States,USA,321418820.0,56115.7184261955,winter,7.63,7.5,8.25,7.25,4.88,7.5,6.0,7.88,2.0,7.75,7.13,71.75
2010-01-01,Vancouver,Ice Hockey,Ice Hockey,"STASTNY, Paul",Men,Ice Hockey,Silver,United States,USA,321418820.0,56115.7184261955,winter,7.63,7.5,8.25,7.25,4.88,7.5,6.0,7.88,2.0,7.75,7.13,71.75
2010-01-01,Vancouver,Ice Hockey,Ice Hockey,"SUTER, Ryan",Men,Ice Hockey,Silver,United States,USA,321418820.0,56115.7184261955,winter,7.63,7.5,8.25,7.25,4.88,7.5,6.0,7.88,2.0,7.75,7.13,71.75
2010-01-01,Vancouver,Ice Hockey,Ice Hockey,"THOMAS, Tim",Men,Ice Hockey,Silver,United States,USA,321418820.0,56115.7184261955,winter,7.63,7.5,8.25,7.25,4.88,7.5,6.0,7.88,2.0,7.75,7.13,71.75
2010-01-01,Vancouver,Ice Hockey,Ice Hockey,"WHITNEY, Ryan",Men,Ice Hockey,Silver,United States,USA,321418820.0,56115.7184261955,winter,7.63,7.5,8.25,7.25,4.88,7.5,6.0,7.88,2.0,7.75,7.13,71.75
2010-01-01,Vancouver,Ice Hockey,Ice Hockey,"HELIN, Anne",Women,Ice Hockey,Bronze,Finland,FIN,5482013.0,42311.0362306446,winter,7.63,7.5,8.25,7.25,4.88,7.5,6.0,7.88,2.0,7.75,7.13,71.75
2010-01-01,Vancouver,Ice Hockey,Ice Hockey,"HIIRIKOSKI, Jenni",Women,Ice Hockey,Bronze,Finland,FIN,5482013.0,42311.0362306446,winter,7.63,7.5,8.25,7.25,4.88,7.5,6.0,7.88,2.0,7.75,7.13,71.75
2010-01-01,Vancouver,Ice Hockey,Ice Hockey,"HOVI, Venla",Women,Ice Hockey,Bronze,Finland,FIN,5482013.0,42311.0362306446,winter,7.63,7.5,8.25,7.25,4.88,7.5,6.0,7.88,2.0,7.75,7.13,71.75
2010-01-01,Vancouver,Ice Hockey,Ice Hockey,"KARVINEN, Michelle",Women,Ice Hockey,Bronze,Finland,FIN,5482013.0,42311.0362306446,winter,7.63,7.5,8.25,7.25,4.88,7.5,6.0,7.88,2.0,7.75,7.13,71.75
2010-01-01,Vancouver,Ice Hockey,Ice Hockey,"KUISMA, Mira",Women,Ice Hockey,Bronze,Finland,FIN,5482013.0,42311.0362306446,winter,7.63,7.5,8.25,7.25,4.88,7.5,6.0,7.88,2.0,7.75,7.13,71.75
2010-01-01,Vancouver,Ice Hockey,Ice Hockey,"LAAKSONEN, Emma",Women,Ice Hockey,Bronze,Finland,FIN,5482013.0,42311.0362306446,winter,7.63,7.5,8.25,7.25,4.88,7.5,6.0,7.88,2.0,7.75,7.13,71.75
2010-01-01,Vancouver,Ice Hockey,Ice Hockey,"LINDSTEDT, Rosa",Women,Ice Hockey,Bronze,Finland,FIN,5482013.0,42311.0362306446,winter,7.63,7.5,8.25,7.25,4.88,7.5,6.0,7.88,2.0,7.75,7.13,71.75
2010-01-01,Vancouver,Ice Hockey,Ice Hockey,"MERTANEN, Terhi",Women,Ice Hockey,Bronze,Finland,FIN,5482013.0,42311.0362306446,winter,7.63,7.5,8.25,7.25,4.88,7.5,6.0,7.88,2.0,7.75,7.13,71.75
2010-01-01,Vancouver,Ice Hockey,Ice Hockey,"PELTTARI, Heidi",Women,Ice Hockey,Bronze,Finland,FIN,5482013.0,42311.0362306446,winter,7.63,7.5,8.25,7.25,4.88,7.5,6.0,7.88,2.0,7.75,7.13,71.75
2010-01-01,Vancouver,Ice Hockey,Ice Hockey,"POSA, Mariia",Women,Ice Hockey,Bronze,Finland,FIN,5482013.0,42311.0362306446,winter,7.63,7.5,8.25,7.25,4.88,7.5,6.0,7.88,2.0,7.75,7.13,71.75
2010-01-01,Vancouver,Ice Hockey,Ice Hockey,"RAJAHUHTA, Annina",Women,Ice Hockey,Bronze,Finland,FIN,5482013.0,42311.0362306446,winter,7.63,7.5,8.25,7.25,4.88,7.5,6.0,7.88,2.0,7.75,7.13,71.75
2010-01-01,Vancouver,Ice Hockey,Ice Hockey,"RANTAMAKI, Karoliina",Women,Ice Hockey,Bronze,Finland,FIN,5482013.0,42311.0362306446,winter,7.63,7.5,8.25,7.25,4.88,7.5,6.0,7.88,2.0,7.75,7.13,71.75
2010-01-01,Vancouver,Ice Hockey,Ice Hockey,"RATY, Noora",Women,Ice Hockey,Bronze,Finland,FIN,5482013.0,42311.0362306446,winter,7.63,7.5,8.25,7.25,4.88,7.5,6.0,7.88,2.0,7.75,7.13,71.75
2010-01-01,Vancouver,Ice Hockey,Ice Hockey,"SAARINEN, Mari",Women,Ice Hockey,Bronze,Finland,FIN,5482013.0,42311.0362306446,winter,7.63,7.5,8.25,7.25,4.88,7.5,6.0,7.88,2.0,7.75,7.13,71.75
2010-01-01,Vancouver,Ice Hockey,Ice Hockey,"SIRVIO, Saija",Women,Ice Hockey,Bronze,Finland,FIN,5482013.0,42311.0362306446,winter,7.63,7.5,8.25,7.25,4.88,7.5,6.0,7.88,2.0,7.75,7.13,71.75
2010-01-01,Vancouver,Ice Hockey,Ice Hockey,"TIKKINEN, Nina",Women,Ice Hockey,Bronze,Finland,FIN,5482013.0,42311.0362306446,winter,7.63,7.5,8.25,7.25,4.88,7.5,6.0,7.88,2.0,7.75,7.13,71.75
2010-01-01,Vancouver,Ice Hockey,Ice Hockey,"TUOMINEN, Minnamari",Women,Ice Hockey,Bronze,Finland,FIN,5482013.0,42311.0362306446,winter,7.63,7.5,8.25,7.25,4.88,7.5,6.0,7.88,2.0,7.75,7.13,71.75
2010-01-01,Vancouver,Ice Hockey,Ice Hockey,"TUOMINEN, Saara",Women,Ice Hockey,Bronze,Finland,FIN,5482013.0,42311.0362306446,winter,7.63,7.5,8.25,7.25,4.88,7.5,6.0,7.88,2.0,7.75,7.13,71.75
2010-01-01,Vancouver,Ice Hockey,Ice Hockey,"VALIMAKI, Linda",Women,Ice Hockey,Bronze,Finland,FIN,5482013.0,42311.0362306446,winter,7.63,7.5,8.25,7.25,4.88,7.5,6.0,7.88,2.0,7.75,7.13,71.75
2010-01-01,Vancouver,Ice Hockey,Ice Hockey,"VANHATALO, Anna",Women,Ice Hockey,Bronze,Finland,FIN,5482013.0,42311.0362306446,winter,7.63,7.5,8.25,7.25,4.88,7.5,6.0,7.88,2.0,7.75,7.13,71.75
2010-01-01,Vancouver,Ice Hockey,Ice Hockey,"VOUTILAINEN, Marjo",Women,Ice Hockey,Bronze,Finland,FIN,5482013.0,42311.0362306446,winter,7.63,7.5,8.25,7.25,4.88,7.5,6.0,7.88,2.0,7.75,7.13,71.75
2010-01-01,Vancouver,Ice Hockey,Ice Hockey,"AGOSTA, Meghan",Women,Ice Hockey,Gold,Canada,CAN,35851774.0,43248.529909341,winter,7.63,7.5,8.25,7.25,4.88,7.5,6.0,7.88,2.0,7.75,7.13,71.75
2010-01-01,Vancouver,Ice Hockey,Ice Hockey,"APPS, Gillian",Women,Ice Hockey,Gold,Canada,CAN,35851774.0,43248.529909341,winter,7.63,7.5,8.25,7.25,4.88,7.5,6.0,7.88,2.0,7.75,7.13,71.75
2010-01-01,Vancouver,Ice Hockey,Ice Hockey,"BONHOMME, Tessa",Women,Ice Hockey,Gold,Canada,CAN,35851774.0,43248.529909341,winter,7.63,7.5,8.25,7.25,4.88,7.5,6.0,7.88,2.0,7.75,7.13,71.75
2010-01-01,Vancouver,Ice Hockey,Ice Hockey,"BOTTERILL, Jennifer",Women,Ice Hockey,Gold,Canada,CAN,35851774.0,43248.529909341,winter,7.63,7.5,8.25,7.25,4.88,7.5,6.0,7.88,2.0,7.75,7.13,71.75
2010-01-01,Vancouver,Ice Hockey,Ice Hockey,"HEFFORD, Jayna",Women,Ice Hockey,Gold,Canada,CAN,35851774.0,43248.529909341,winter,7.63,7.5,8.25,7.25,4.88,7.5,6.0,7.88,2.0,7.75,7.13,71.75
2010-01-01,Vancouver,Ice Hockey,Ice Hockey,"IRWIN, Haley",Women,Ice Hockey,Gold,Canada,CAN,35851774.0,43248.529909341,winter,7.63,7.5,8.25,7.25,4.88,7.5,6.0,7.88,2.0,7.75,7.13,71.75
2010-01-01,Vancouver,Ice Hockey,Ice Hockey,"JOHNSTON, Rebecca",Women,Ice Hockey,Gold,Canada,CAN,35851774.0,43248.529909341,winter,7.63,7.5,8.25,7.25,4.88,7.5,6.0,7.88,2.0,7.75,7.13,71.75
2010-01-01,Vancouver,Ice Hockey,Ice Hockey,"KELLAR, Becky",Women,Ice Hockey,Gold,Canada,CAN,35851774.0,43248.529909341,winter,7.63,7.5,8.25,7.25,4.88,7.5,6.0,7.88,2.0,7.75,7.13,71.75
2010-01-01,Vancouver,Ice Hockey,Ice Hockey,"KINGSBURY, Gina",Women,Ice Hockey,Gold,Canada,CAN,35851774.0,43248.529909341,winter,7.63,7.5,8.25,7.25,4.88,7.5,6.0,7.88,2.0,7.75,7.13,71.75
2010-01-01,Vancouver,Ice Hockey,Ice Hockey,"LABONTE, Charline",Women,Ice Hockey,Gold,Canada,CAN,35851774.0,43248.529909341,winter,7.63,7.5,8.25,7.25,4.88,7.5,6.0,7.88,2.0,7.75,7.13,71.75
2010-01-01,Vancouver,Ice Hockey,Ice Hockey,"MACLEOD, Carla",Women,Ice Hockey,Gold,Canada,CAN,35851774.0,43248.529909341,winter,7.63,7.5,8.25,7.25,4.88,7.5,6.0,7.88,2.0,7.75,7.13,71.75
2010-01-01,Vancouver,Ice Hockey,Ice Hockey,"MIKKELSON, Meaghan",Women,Ice Hockey,Gold,Canada,CAN,35851774.0,43248.529909341,winter,7.63,7.5,8.25,7.25,4.88,7.5,6.0,7.88,2.0,7.75,7.13,71.75
2010-01-01,Vancouver,Ice Hockey,Ice Hockey,"OUELLETTE, Caroline",Women,Ice Hockey,Gold,Canada,CAN,35851774.0,43248.529909341,winter,7.63,7.5,8.25,7.25,4.88,7.5,6.0,7.88,2.0,7.75,7.13,71.75
2010-01-01,Vancouver,Ice Hockey,Ice Hockey,"PIPER, Cherie",Women,Ice Hockey,Gold,Canada,CAN,35851774.0,43248.529909341,winter,7.63,7.5,8.25,7.25,4.88,7.5,6.0,7.88,2.0,7.75,7.13,71.75
2010-01-01,Vancouver,Ice Hockey,Ice Hockey,"POULIN, Marie-Philip",Women,Ice Hockey,Gold,Canada,CAN,35851774.0,43248.529909341,winter,7.63,7.5,8.25,7.25,4.88,7.5,6.0,7.88,2.0,7.75,7.13,71.75
2010-01-01,Vancouver,Ice Hockey,Ice Hockey,"SOSTORICS, Colleen",Women,Ice Hockey,Gold,Canada,CAN,35851774.0,43248.529909341,winter,7.63,7.5,8.25,7.25,4.88,7.5,6.0,7.88,2.0,7.75,7.13,71.75
2010-01-01,Vancouver,Ice Hockey,Ice Hockey,"ST-PIERRE, Kim",Women,Ice Hockey,Gold,Canada,CAN,35851774.0,43248.529909341,winter,7.63,7.5,8.25,7.25,4.88,7.5,6.0,7.88,2.0,7.75,7.13,71.75
2010-01-01,Vancouver,Ice Hockey,Ice Hockey,"SZABADOS, Shannon",Women,Ice Hockey,Gold,Canada,CAN,35851774.0,43248.529909341,winter,7.63,7.5,8.25,7.25,4.88,7.5,6.0,7.88,2.0,7.75,7.13,71.75
2010-01-01,Vancouver,Ice Hockey,Ice Hockey,"VAILLANCOURT, Sarah",Women,Ice Hockey,Gold,Canada,CAN,35851774.0,43248.529909341,winter,7.63,7.5,8.25,7.25,4.88,7.5,6.0,7.88,2.0,7.75,7.13,71.75
2010-01-01,Vancouver,Ice Hockey,Ice Hockey,"WARD, Catherine",Women,Ice Hockey,Gold,Canada,CAN,35851774.0,43248.529909341,winter,7.63,7.5,8.25,7.25,4.88,7.5,6.0,7.88,2.0,7.75,7.13,71.75
2010-01-01,Vancouver,Ice Hockey,Ice Hockey,"WICKENHEISER, Hayley",Women,Ice Hockey,Gold,Canada,CAN,35851774.0,43248.529909341,winter,7.63,7.5,8.25,7.25,4.88,7.5,6.0,7.88,2.0,7.75,7.13,71.75
2010-01-01,Vancouver,Ice Hockey,Ice Hockey,"BELLAMY, Kacey",Women,Ice Hockey,Silver,United States,USA,321418820.0,56115.7184261955,winter,7.63,7.5,8.25,7.25,4.88,7.5,6.0,7.88,2.0,7.75,7.13,71.75
2010-01-01,Vancouver,Ice Hockey,Ice Hockey,"CAHOW, Caitlin",Women,Ice Hockey,Silver,United States,USA,321418820.0,56115.7184261955,winter,7.63,7.5,8.25,7.25,4.88,7.5,6.0,7.88,2.0,7.75,7.13,71.75
2010-01-01,Vancouver,Ice Hockey,Ice Hockey,"CHESSON, Lisa",Women,Ice Hockey,Silver,United States,USA,321418820.0,56115.7184261955,winter,7.63,7.5,8.25,7.25,4.88,7.5,6.0,7.88,2.0,7.75,7.13,71.75
2010-01-01,Vancouver,Ice Hockey,Ice Hockey,"CHU, Julie",Women,Ice Hockey,Silver,United States,USA,321418820.0,56115.7184261955,winter,7.63,7.5,8.25,7.25,4.88,7.5,6.0,7.88,2.0,7.75,7.13,71.75
2010-01-01,Vancouver,Ice Hockey,Ice Hockey,"DARWITZ, Natalie",Women,Ice Hockey,Silver,United States,USA,321418820.0,56115.7184261955,winter,7.63,7.5,8.25,7.25,4.88,7.5,6.0,7.88,2.0,7.75,7.13,71.75
2010-01-01,Vancouver,Ice Hockey,Ice Hockey,"DUGGAN, Meghan",Women,Ice Hockey,Silver,United States,USA,321418820.0,56115.7184261955,winter,7.63,7.5,8.25,7.25,4.88,7.5,6.0,7.88,2.0,7.75,7.13,71.75
2010-01-01,Vancouver,Ice Hockey,Ice Hockey,"ENGSTROM, Molly",Women,Ice Hockey,Silver,United States,USA,321418820.0,56115.7184261955,winter,7.63,7.5,8.25,7.25,4.88,7.5,6.0,7.88,2.0,7.75,7.13,71.75
2010-01-01,Vancouver,Ice Hockey,Ice Hockey,"KNIGHT, Hilary",Women,Ice Hockey,Silver,United States,USA,321418820.0,56115.7184261955,winter,7.63,7.5,8.25,7.25,4.88,7.5,6.0,7.88,2.0,7.75,7.13,71.75
2010-01-01,Vancouver,Ice Hockey,Ice Hockey,"LAMOUREUX, Jocelyne",Women,Ice Hockey,Silver,United States,USA,321418820.0,56115.7184261955,winter,7.63,7.5,8.25,7.25,4.88,7.5,6.0,7.88,2.0,7.75,7.13,71.75
2010-01-01,Vancouver,Ice Hockey,Ice Hockey,"LAMOUREUX, Monique",Women,Ice Hockey,Silver,United States,USA,321418820.0,56115.7184261955,winter,7.63,7.5,8.25,7.25,4.88,7.5,6.0,7.88,2.0,7.75,7.13,71.75
2010-01-01,Vancouver,Ice Hockey,Ice Hockey,"LAWLER, Erika",Women,Ice Hockey,Silver,United States,USA,321418820.0,56115.7184261955,winter,7.63,7.5,8.25,7.25,4.88,7.5,6.0,7.88,2.0,7.75,7.13,71.75
2010-01-01,Vancouver,Ice Hockey,Ice Hockey,"MARVIN, Gigi",Women,Ice Hockey,Silver,United States,USA,321418820.0,56115.7184261955,winter,7.63,7.5,8.25,7.25,4.88,7.5,6.0,7.88,2.0,7.75,7.13,71.75
2010-01-01,Vancouver,Ice Hockey,Ice Hockey,"McLAUGHLIN, Brianne",Women,Ice Hockey,Silver,United States,USA,321418820.0,56115.7184261955,winter,7.63,7.5,8.25,7.25,4.88,7.5,6.0,7.88,2.0,7.75,7.13,71.75
2010-01-01,Vancouver,Ice Hockey,Ice Hockey,"POTTER, Jenny",Women,Ice Hockey,Silver,United States,USA,321418820.0,56115.7184261955,winter,7.63,7.5,8.25,7.25,4.88,7.5,6.0,7.88,2.0,7.75,7.13,71.75
2010-01-01,Vancouver,Ice Hockey,Ice Hockey,"RUGGIERO, Angela",Women,Ice Hockey,Silver,United States,USA,321418820.0,56115.7184261955,winter,7.63,7.5,8.25,7.25,4.88,7.5,6.0,7.88,2.0,7.75,7.13,71.75
2010-01-01,Vancouver,Ice Hockey,Ice Hockey,"SCHAUS, Molly",Women,Ice Hockey,Silver,United States,USA,321418820.0,56115.7184261955,winter,7.63,7.5,8.25,7.25,4.88,7.5,6.0,7.88,2.0,7.75,7.13,71.75
2010-01-01,Vancouver,Ice Hockey,Ice Hockey,"STACK, Kelli",Women,Ice Hockey,Silver,United States,USA,321418820.0,56115.7184261955,winter,7.63,7.5,8.25,7.25,4.88,7.5,6.0,7.88,2.0,7.75,7.13,71.75
2010-01-01,Vancouver,Ice Hockey,Ice Hockey,"THATCHER, Karen",Women,Ice Hockey,Silver,United States,USA,321418820.0,56115.7184261955,winter,7.63,7.5,8.25,7.25,4.88,7.5,6.0,7.88,2.0,7.75,7.13,71.75
2010-01-01,Vancouver,Ice Hockey,Ice Hockey,"VETTER, Jessie",Women,Ice Hockey,Silver,United States,USA,321418820.0,56115.7184261955,winter,7.63,7.5,8.25,7.25,4.88,7.5,6.0,7.88,2.0,7.75,7.13,71.75
2010-01-01,Vancouver,Ice Hockey,Ice Hockey,"WEILAND, Kerry",Women,Ice Hockey,Silver,United States,USA,321418820.0,56115.7184261955,winter,7.63,7.5,8.25,7.25,4.88,7.5,6.0,7.88,2.0,7.75,7.13,71.75
2010-01-01,Vancouver,Ice Hockey,Ice Hockey,"ZAUGG-SIERGIEJ, Jinelle",Women,Ice Hockey,Silver,United States,USA,321418820.0,56115.7184261955,winter,7.63,7.5,8.25,7.25,4.88,7.5,6.0,7.88,2.0,7.75,7.13,71.75
2010-01-01,Vancouver,Skating,Figure skating,"DOMNINA, Oksana",Women,Ice Dancing,Bronze,Russia,RUS,144096812.0,9092.580536068841,winter,6.88,4.25,4.0,6.38,8.25,3.13,4.88,6.63,19.0,5.13,5.25,54.75
2010-01-01,Vancouver,Skating,Figure skating,"SHABALIN, Maxim",Men,Ice Dancing,Bronze,Russia,RUS,144096812.0,9092.580536068841,winter,6.88,4.25,4.0,6.38,8.25,3.13,4.88,6.63,19.0,5.13,5.25,54.75
2010-01-01,Vancouver,Skating,Figure skating,"MOIR, Scott",Men,Ice Dancing,Gold,Canada,CAN,35851774.0,43248.529909341,winter,6.88,4.25,4.0,6.38,8.25,3.13,4.88,6.63,19.0,5.13,5.25,54.75
2010-01-01,Vancouver,Skating,Figure skating,"VIRTUE, Tessa",Women,Ice Dancing,Gold,Canada,CAN,35851774.0,43248.529909341,winter,6.88,4.25,4.0,6.38,8.25,3.13,4.88,6.63,19.0,5.13,5.25,54.75
2010-01-01,Vancouver,Skating,Figure skating,"DAVIS, Meryl",Women,Ice Dancing,Silver,United States,USA,321418820.0,56115.7184261955,winter,6.88,4.25,4.0,6.38,8.25,3.13,4.88,6.63,19.0,5.13,5.25,54.75
2010-01-01,Vancouver,Skating,Figure skating,"WHITE, Charlie",Men,Ice Dancing,Silver,United States,USA,321418820.0,56115.7184261955,winter,6.88,4.25,4.0,6.38,8.25,3.13,4.88,6.63,19.0,5.13,5.25,54.75
2010-01-01,Vancouver,Skating,Figure skating,"TAKAHASHI, Daisuke",Men,Individual,Bronze,Japan,JPN,126958472.0,32477.215144923397,winter,6.88,4.25,4.0,6.38,8.25,3.13,4.88,6.63,19.0,5.13,5.25,54.75
2010-01-01,Vancouver,Skating,Figure skating,"LYSACEK, Evan",Men,Individual,Gold,United States,USA,321418820.0,56115.7184261955,winter,6.88,4.25,4.0,6.38,8.25,3.13,4.88,6.63,19.0,5.13,5.25,54.75
2010-01-01,Vancouver,Skating,Figure skating,"PLYUSHCHENKO, Evgeny",Men,Individual,Silver,Russia,RUS,144096812.0,9092.580536068841,winter,6.88,4.25,4.0,6.38,8.25,3.13,4.88,6.63,19.0,5.13,5.25,54.75
2010-01-01,Vancouver,Skating,Figure skating,"ROCHETTE, Joannie",Women,Individual,Bronze,Canada,CAN,35851774.0,43248.529909341,winter,6.88,4.25,4.0,6.38,8.25,3.13,4.88,6.63,19.0,5.13,5.25,54.75
2010-01-01,Vancouver,Skating,Figure skating,"KIM, Yuna",Women,Individual,Gold,"Korea, South",KOR,50617045.0,27221.524050966098,winter,6.88,4.25,4.0,6.38,8.25,3.13,4.88,6.63,19.0,5.13,5.25,54.75
2010-01-01,Vancouver,Skating,Figure skating,"ASADA, Mao",Women,Individual,Silver,Japan,JPN,126958472.0,32477.215144923397,winter,6.88,4.25,4.0,6.38,8.25,3.13,4.88,6.63,19.0,5.13,5.25,54.75
2010-01-01,Vancouver,Skating,Figure skating,"SAVCHENKO, Aliona",Women,Pairs,Bronze,Germany,GER,81413145.0,41313.3139945434,winter,6.88,4.25,4.0,6.38,8.25,3.13,4.88,6.63,19.0,5.13,5.25,54.75
2010-01-01,Vancouver,Skating,Figure skating,"SZOLKOWY, Robin",Men,Pairs,Bronze,Germany,GER,81413145.0,41313.3139945434,winter,6.88,4.25,4.0,6.38,8.25,3.13,4.88,6.63,19.0,5.13,5.25,54.75
2010-01-01,Vancouver,Skating,Figure skating,"SHEN, Xue",Women,Pairs,Gold,China,CHN,1371220000.0,8027.6838101390695,winter,6.88,4.25,4.0,6.38,8.25,3.13,4.88,6.63,19.0,5.13,5.25,54.75
2010-01-01,Vancouver,Skating,Figure skating,"ZHAO, Hongbo",Men,Pairs,Gold,China,CHN,1371220000.0,8027.6838101390695,winter,6.88,4.25,4.0,6.38,8.25,3.13,4.88,6.63,19.0,5.13,5.25,54.75
2010-01-01,Vancouver,Skating,Figure skating,"PANG, Qing",Women,Pairs,Silver,China,CHN,1371220000.0,8027.6838101390695,winter,6.88,4.25,4.0,6.38,8.25,3.13,4.88,6.63,19.0,5.13,5.25,54.75
2010-01-01,Vancouver,Skating,Figure skating,"TONG, Jian",Men,Pairs,Silver,China,CHN,1371220000.0,8027.6838101390695,winter,6.88,4.25,4.0,6.38,8.25,3.13,4.88,6.63,19.0,5.13,5.25,54.75
2010-01-01,Vancouver,Skating,Short Track Speed Skating,"OHNO, Apolo Anton",Men,1000M,Bronze,United States,USA,321418820.0,56115.7184261955,winter,4.0,3.5,4.63,7.63,4.25,2.88,4.5,7.38,17.0,8.88,7.25,54.875
2010-01-01,Vancouver,Skating,Short Track Speed Skating,"LEE, Jung-Su",Men,1000M,Gold,"Korea, South",KOR,50617045.0,27221.524050966098,winter,4.0,3.5,4.63,7.63,4.25,2.88,4.5,7.38,17.0,8.88,7.25,54.875
2010-01-01,Vancouver,Skating,Short Track Speed Skating,"LEE, Ho-Suk",Men,1000M,Silver,"Korea, South",KOR,50617045.0,27221.524050966098,winter,4.0,3.5,4.63,7.63,4.25,2.88,4.5,7.38,17.0,8.88,7.25,54.875
2010-01-01,Vancouver,Skating,Short Track Speed Skating,"PARK, Seung-Hi",Women,1000M,Bronze,"Korea, South",KOR,50617045.0,27221.524050966098,winter,4.0,3.5,4.63,7.63,4.25,2.88,4.5,7.38,17.0,8.88,7.25,54.875
2010-01-01,Vancouver,Skating,Short Track Speed Skating,"WANG, Meng",Women,1000M,Gold,China,CHN,1371220000.0,8027.6838101390695,winter,4.0,3.5,4.63,7.63,4.25,2.88,4.5,7.38,17.0,8.88,7.25,54.875
2010-01-01,Vancouver,Skating,Short Track Speed Skating,"REUTTER, Katherine",Women,1000M,Silver,United States,USA,321418820.0,56115.7184261955,winter,4.0,3.5,4.63,7.63,4.25,2.88,4.5,7.38,17.0,8.88,7.25,54.875
2010-01-01,Vancouver,Skating,Short Track Speed Skating,"CELSKI, J.R.",Men,1500M,Bronze,United States,USA,321418820.0,56115.7184261955,winter,4.0,3.5,4.63,7.63,4.25,2.88,4.5,7.38,17.0,8.88,7.25,54.875
2010-01-01,Vancouver,Skating,Short Track Speed Skating,"LEE, Jung-Su",Men,1500M,Gold,"Korea, South",KOR,50617045.0,27221.524050966098,winter,4.0,3.5,4.63,7.63,4.25,2.88,4.5,7.38,17.0,8.88,7.25,54.875
2010-01-01,Vancouver,Skating,Short Track Speed Skating,"OHNO, Apolo Anton",Men,1500M,Silver,United States,USA,321418820.0,56115.7184261955,winter,4.0,3.5,4.63,7.63,4.25,2.88,4.5,7.38,17.0,8.88,7.25,54.875
2010-01-01,Vancouver,Skating,Short Track Speed Skating,"PARK, Seung-Hi",Women,1500M,Bronze,"Korea, South",KOR,50617045.0,27221.524050966098,winter,4.0,3.5,4.63,7.63,4.25,2.88,4.5,7.38,17.0,8.88,7.25,54.875
2010-01-01,Vancouver,Skating,Short Track Speed Skating,"ZHOU, Yang",Women,1500M,Gold,China,CHN,1371220000.0,8027.6838101390695,winter,4.0,3.5,4.63,7.63,4.25,2.88,4.5,7.38,17.0,8.88,7.25,54.875
2010-01-01,Vancouver,Skating,Short Track Speed Skating,"LEE, Eun-Byul",Women,1500M,Silver,"Korea, South",KOR,50617045.0,27221.524050966098,winter,4.0,3.5,4.63,7.63,4.25,2.88,4.5,7.38,17.0,8.88,7.25,54.875
2010-01-01,Vancouver,Skating,Short Track Speed Skating,"BAVER, Allison",Women,3000M Relay,Bronze,United States,USA,321418820.0,56115.7184261955,winter,4.0,3.5,4.63,7.63,4.25,2.88,4.5,7.38,17.0,8.88,7.25,54.875
2010-01-01,Vancouver,Skating,Short Track Speed Skating,"DERRICK, Kimberly",Women,3000M Relay,Bronze,United States,USA,321418820.0,56115.7184261955,winter,4.0,3.5,4.63,7.63,4.25,2.88,4.5,7.38,17.0,8.88,7.25,54.875
2010-01-01,Vancouver,Skating,Short Track Speed Skating,"DUDEK, Alyson",Women,3000M Relay,Bronze,United States,USA,321418820.0,56115.7184261955,winter,4.0,3.5,4.63,7.63,4.25,2.88,4.5,7.38,17.0,8.88,7.25,54.875
2010-01-01,Vancouver,Skating,Short Track Speed Skating,"GEHRING, Lana",Women,3000M Relay,Bronze,United States,USA,321418820.0,56115.7184261955,winter,4.0,3.5,4.63,7.63,4.25,2.88,4.5,7.38,17.0,8.88,7.25,54.875
2010-01-01,Vancouver,Skating,Short Track Speed Skating,"REUTTER, Katherine",Women,3000M Relay,Bronze,United States,USA,321418820.0,56115.7184261955,winter,4.0,3.5,4.63,7.63,4.25,2.88,4.5,7.38,17.0,8.88,7.25,54.875
2010-01-01,Vancouver,Skating,Short Track Speed Skating,"SUN, Linlin",Women,3000M Relay,Gold,China,CHN,1371220000.0,8027.6838101390695,winter,4.0,3.5,4.63,7.63,4.25,2.88,4.5,7.38,17.0,8.88,7.25,54.875
2010-01-01,Vancouver,Skating,Short Track Speed Skating,"WANG, Meng",Women,3000M Relay,Gold,China,CHN,1371220000.0,8027.6838101390695,winter,4.0,3.5,4.63,7.63,4.25,2.88,4.5,7.38,17.0,8.88,7.25,54.875
2010-01-01,Vancouver,Skating,Short Track Speed Skating,"ZHANG, Hui",Women,3000M Relay,Gold,China,CHN,1371220000.0,8027.6838101390695,winter,4.0,3.5,4.63,7.63,4.25,2.88,4.5,7.38,17.0,8.88,7.25,54.875
2010-01-01,Vancouver,Skating,Short Track Speed Skating,"ZHOU, Yang",Women,3000M Relay,Gold,China,CHN,1371220000.0,8027.6838101390695,winter,4.0,3.5,4.63,7.63,4.25,2.88,4.5,7.38,17.0,8.88,7.25,54.875
2010-01-01,Vancouver,Skating,Short Track Speed Skating,"GREGG, Jessica",Women,3000M Relay,Silver,Canada,CAN,35851774.0,43248.529909341,winter,4.0,3.5,4.63,7.63,4.25,2.88,4.5,7.38,17.0,8.88,7.25,54.875
2010-01-01,Vancouver,Skating,Short Track Speed Skating,"ROBERGE, Kalyna",Women,3000M Relay,Silver,Canada,CAN,35851774.0,43248.529909341,winter,4.0,3.5,4.63,7.63,4.25,2.88,4.5,7.38,17.0,8.88,7.25,54.875
2010-01-01,Vancouver,Skating,Short Track Speed Skating,"ST-GELAIS, Marianne",Women,3000M Relay,Silver,Canada,CAN,35851774.0,43248.529909341,winter,4.0,3.5,4.63,7.63,4.25,2.88,4.5,7.38,17.0,8.88,7.25,54.875
2010-01-01,Vancouver,Skating,Short Track Speed Skating,"VICENT, Tania",Women,3000M Relay,Silver,Canada,CAN,35851774.0,43248.529909341,winter,4.0,3.5,4.63,7.63,4.25,2.88,4.5,7.38,17.0,8.88,7.25,54.875
2010-01-01,Vancouver,Skating,Short Track Speed Skating,"CELSKI, J.R.",Men,5000M Relay,Bronze,United States,USA,321418820.0,56115.7184261955,winter,4.0,3.5,4.63,7.63,4.25,2.88,4.5,7.38,17.0,8.88,7.25,54.875
2010-01-01,Vancouver,Skating,Short Track Speed Skating,"CHO, Simon",Men,5000M Relay,Bronze,United States,USA,321418820.0,56115.7184261955,winter,4.0,3.5,4.63,7.63,4.25,2.88,4.5,7.38,17.0,8.88,7.25,54.875
2010-01-01,Vancouver,Skating,Short Track Speed Skating,"JAYNER, Travis",Men,5000M Relay,Bronze,United States,USA,321418820.0,56115.7184261955,winter,4.0,3.5,4.63,7.63,4.25,2.88,4.5,7.38,17.0,8.88,7.25,54.875
2010-01-01,Vancouver,Skating,Short Track Speed Skating,"MALONE, Jordan",Men,5000M Relay,Bronze,United States,USA,321418820.0,56115.7184261955,winter,4.0,3.5,4.63,7.63,4.25,2.88,4.5,7.38,17.0,8.88,7.25,54.875
2010-01-01,Vancouver,Skating,Short Track Speed Skating,"OHNO, Apolo Anton",Men,5000M Relay,Bronze,United States,USA,321418820.0,56115.7184261955,winter,4.0,3.5,4.63,7.63,4.25,2.88,4.5,7.38,17.0,8.88,7.25,54.875
2010-01-01,Vancouver,Skating,Short Track Speed Skating,"BASTILLE, Guillaume",Men,5000M Relay,Gold,Canada,CAN,35851774.0,43248.529909341,winter,4.0,3.5,4.63,7.63,4.25,2.88,4.5,7.38,17.0,8.88,7.25,54.875
2010-01-01,Vancouver,Skating,Short Track Speed Skating,"HAMELIN, Charles",Men,5000M Relay,Gold,Canada,CAN,35851774.0,43248.529909341,winter,4.0,3.5,4.63,7.63,4.25,2.88,4.5,7.38,17.0,8.88,7.25,54.875
2010-01-01,Vancouver,Skating,Short Track Speed Skating,"HAMELIN, Francois",Men,5000M Relay,Gold,Canada,CAN,35851774.0,43248.529909341,winter,4.0,3.5,4.63,7.63,4.25,2.88,4.5,7.38,17.0,8.88,7.25,54.875
2010-01-01,Vancouver,Skating,Short Track Speed Skating,"JEAN, Olivier",Men,5000M Relay,Gold,Canada,CAN,35851774.0,43248.529909341,winter,4.0,3.5,4.63,7.63,4.25,2.88,4.5,7.38,17.0,8.88,7.25,54.875
2010-01-01,Vancouver,Skating,Short Track Speed Skating,"TREMBLAY, Francois-Louis",Men,5000M Relay,Gold,Canada,CAN,35851774.0,43248.529909341,winter,4.0,3.5,4.63,7.63,4.25,2.88,4.5,7.38,17.0,8.88,7.25,54.875
2010-01-01,Vancouver,Skating,Short Track Speed Skating,"KIM, Seoung-Il",Men,5000M Relay,Silver,"Korea, South",KOR,50617045.0,27221.524050966098,winter,4.0,3.5,4.63,7.63,4.25,2.88,4.5,7.38,17.0,8.88,7.25,54.875
2010-01-01,Vancouver,Skating,Short Track Speed Skating,"KWAK, Yoon-Gy",Men,5000M Relay,Silver,"Korea, South",KOR,50617045.0,27221.524050966098,winter,4.0,3.5,4.63,7.63,4.25,2.88,4.5,7.38,17.0,8.88,7.25,54.875
2010-01-01,Vancouver,Skating,Short Track Speed Skating,"LEE, Ho-Suk",Men,5000M Relay,Silver,"Korea, South",KOR,50617045.0,27221.524050966098,winter,4.0,3.5,4.63,7.63,4.25,2.88,4.5,7.38,17.0,8.88,7.25,54.875
2010-01-01,Vancouver,Skating,Short Track Speed Skating,"LEE, Jung-Su",Men,5000M Relay,Silver,"Korea, South",KOR,50617045.0,27221.524050966098,winter,4.0,3.5,4.63,7.63,4.25,2.88,4.5,7.38,17.0,8.88,7.25,54.875
2010-01-01,Vancouver,Skating,Short Track Speed Skating,"SUNG, Si-Bak",Men,5000M Relay,Silver,"Korea, South",KOR,50617045.0,27221.524050966098,winter,4.0,3.5,4.63,7.63,4.25,2.88,4.5,7.38,17.0,8.88,7.25,54.875
2010-01-01,Vancouver,Skating,Short Track Speed Skating,"TREMBLAY, Francois-Louis",Men,500M,Bronze,Canada,CAN,35851774.0,43248.529909341,winter,4.0,3.5,4.63,7.63,4.25,2.88,4.5,7.38,17.0,8.88,7.25,54.875
2010-01-01,Vancouver,Skating,Short Track Speed Skating,"HAMELIN, Charles",Men,500M,Gold,Canada,CAN,35851774.0,43248.529909341,winter,4.0,3.5,4.63,7.63,4.25,2.88,4.5,7.38,17.0,8.88,7.25,54.875
2010-01-01,Vancouver,Skating,Short Track Speed Skating,"SUNG, Si-Bak",Men,500M,Silver,"Korea, South",KOR,50617045.0,27221.524050966098,winter,4.0,3.5,4.63,7.63,4.25,2.88,4.5,7.38,17.0,8.88,7.25,54.875
2010-01-01,Vancouver,Skating,Short Track Speed Skating,"FONTANA, Arianna",Women,500M,Bronze,Italy,ITA,60802085.0,29957.804315437203,winter,4.0,3.5,4.63,7.63,4.25,2.88,4.5,7.38,17.0,8.88,7.25,54.875
2010-01-01,Vancouver,Skating,Short Track Speed Skating,"WANG, Meng",Women,500M,Gold,China,CHN,1371220000.0,8027.6838101390695,winter,4.0,3.5,4.63,7.63,4.25,2.88,4.5,7.38,17.0,8.88,7.25,54.875
2010-01-01,Vancouver,Skating,Short Track Speed Skating,"ST-GELAIS, Marianne",Women,500M,Silver,Canada,CAN,35851774.0,43248.529909341,winter,4.0,3.5,4.63,7.63,4.25,2.88,4.5,7.38,17.0,8.88,7.25,54.875
2010-01-01,Vancouver,Skiing,Cross Country Skiing,"BJOERGEN, Marit",Women,10KM,Bronze,Norway,NOR,5195921.0,74400.3697770928,winter,4.0,3.88,5.5,9,4.0,3.63,2.75,4.38,30.0,5.13,5.75,48.0
2010-01-01,Vancouver,Skiing,Cross Country Skiing,"KALLA, Charlotte",Women,10KM,Gold,Sweden,SWE,9798871.0,50579.67364867769,winter,4.0,3.88,5.5,9,4.0,3.63,2.75,4.38,30.0,5.13,5.75,48.0
2010-01-01,Vancouver,Skiing,Cross Country Skiing,"SMIGUN-VAEHI, Kristina",Women,10KM,Silver,Estonia,EST,1311998.0,17118.5042003236,winter,4.0,3.88,5.5,9,4.0,3.63,2.75,4.38,30.0,5.13,5.75,48.0
2010-01-01,Vancouver,Skiing,Cross Country Skiing,"BAUER, Lukas",Men,15KM,Bronze,Czech Republic,CZE,10551219.0,17548.3382129701,winter,4.0,3.88,5.5,9,4.0,3.63,2.75,4.38,30.0,5.13,5.75,48.0
2010-01-01,Vancouver,Skiing,Cross Country Skiing,"COLOGNA, Dario",Men,15KM,Gold,Switzerland,SUI,8286976.0,80945.0792194742,winter,4.0,3.88,5.5,9,4.0,3.63,2.75,4.38,30.0,5.13,5.75,48.0
2010-01-01,Vancouver,Skiing,Cross Country Skiing,"PILLER COTTRER, Pietro",Men,15KM,Silver,Italy,ITA,60802085.0,29957.804315437203,winter,4.0,3.88,5.5,9,4.0,3.63,2.75,4.38,30.0,5.13,5.75,48.0
2010-01-01,Vancouver,Skiing,Cross Country Skiing,"SAARINEN, Aino-Kaisa",Women,30KM,Bronze,Finland,FIN,5482013.0,42311.0362306446,winter,4.0,3.88,5.5,9,4.0,3.63,2.75,4.38,30.0,5.13,5.75,48.0
2010-01-01,Vancouver,Skiing,Cross Country Skiing,"KOWALCZYK, Justyna",Women,30KM,Gold,Poland,POL,37999494.0,12554.547553631299,winter,4.0,3.88,5.5,9,4.0,3.63,2.75,4.38,30.0,5.13,5.75,48.0
2010-01-01,Vancouver,Skiing,Cross Country Skiing,"BJOERGEN, Marit",Women,30KM,Silver,Norway,NOR,5195921.0,74400.3697770928,winter,4.0,3.88,5.5,9,4.0,3.63,2.75,4.38,30.0,5.13,5.75,48.0
2010-01-01,Vancouver,Skiing,Cross Country Skiing,"BAUER, Lukas",Men,4X10KM Relay,Bronze,Czech Republic,CZE,10551219.0,17548.3382129701,winter,4.0,3.88,5.5,9,4.0,3.63,2.75,4.38,30.0,5.13,5.75,48.0
2010-01-01,Vancouver,Skiing,Cross Country Skiing,"JAKS, Martin",Men,4X10KM Relay,Bronze,Czech Republic,CZE,10551219.0,17548.3382129701,winter,4.0,3.88,5.5,9,4.0,3.63,2.75,4.38,30.0,5.13,5.75,48.0
2010-01-01,Vancouver,Skiing,Cross Country Skiing,"KOUKAL, Martin",Men,4X10KM Relay,Bronze,Czech Republic,CZE,10551219.0,17548.3382129701,winter,4.0,3.88,5.5,9,4.0,3.63,2.75,4.38,30.0,5.13,5.75,48.0
2010-01-01,Vancouver,Skiing,Cross Country Skiing,"MAGAL, Jiri",Men,4X10KM Relay,Bronze,Czech Republic,CZE,10551219.0,17548.3382129701,winter,4.0,3.88,5.5,9,4.0,3.63,2.75,4.38,30.0,5.13,5.75,48.0
2010-01-01,Vancouver,Skiing,Cross Country Skiing,"HELLNER, Marcus",Men,4X10KM Relay,Gold,Sweden,SWE,9798871.0,50579.67364867769,winter,4.0,3.88,5.5,9,4.0,3.63,2.75,4.38,30.0,5.13,5.75,48.0
2010-01-01,Vancouver,Skiing,Cross Country Skiing,"OLSSON, Johan",Men,4X10KM Relay,Gold,Sweden,SWE,9798871.0,50579.67364867769,winter,4.0,3.88,5.5,9,4.0,3.63,2.75,4.38,30.0,5.13,5.75,48.0
2010-01-01,Vancouver,Skiing,Cross Country Skiing,"RICHARDSSON, Daniel",Men,4X10KM Relay,Gold,Sweden,SWE,9798871.0,50579.67364867769,winter,4.0,3.88,5.5,9,4.0,3.63,2.75,4.38,30.0,5.13,5.75,48.0
2010-01-01,Vancouver,Skiing,Cross Country Skiing,"SOEDERGREN, Anders",Men,4X10KM Relay,Gold,Sweden,SWE,9798871.0,50579.67364867769,winter,4.0,3.88,5.5,9,4.0,3.63,2.75,4.38,30.0,5.13,5.75,48.0
2010-01-01,Vancouver,Skiing,Cross Country Skiing,"BERGER, Lars",Men,4X10KM Relay,Silver,Norway,NOR,5195921.0,74400.3697770928,winter,4.0,3.88,5.5,9,4.0,3.63,2.75,4.38,30.0,5.13,5.75,48.0
2010-01-01,Vancouver,Skiing,Cross Country Skiing,"HJELMESET, Odd-Bjoern",Men,4X10KM Relay,Silver,Norway,NOR,5195921.0,74400.3697770928,winter,4.0,3.88,5.5,9,4.0,3.63,2.75,4.38,30.0,5.13,5.75,48.0
2010-01-01,Vancouver,Skiing,Cross Country Skiing,"JOHNSRUD SUNDBY, Martin",Men,4X10KM Relay,Silver,Norway,NOR,5195921.0,74400.3697770928,winter,4.0,3.88,5.5,9,4.0,3.63,2.75,4.38,30.0,5.13,5.75,48.0
2010-01-01,Vancouver,Skiing,Cross Country Skiing,"NORTHUG, Petter",Men,4X10KM Relay,Silver,Norway,NOR,5195921.0,74400.3697770928,winter,4.0,3.88,5.5,9,4.0,3.63,2.75,4.38,30.0,5.13,5.75,48.0
2010-01-01,Vancouver,Skiing,Cross Country Skiing,"KUITUNEN, Virpi",Women,4X5KM Relay,Bronze,Finland,FIN,5482013.0,42311.0362306446,winter,4.0,3.88,5.5,9,4.0,3.63,2.75,4.38,30.0,5.13,5.75,48.0
2010-01-01,Vancouver,Skiing,Cross Country Skiing,"MURANEN, Pirjo",Women,4X5KM Relay,Bronze,Finland,FIN,5482013.0,42311.0362306446,winter,4.0,3.88,5.5,9,4.0,3.63,2.75,4.38,30.0,5.13,5.75,48.0
2010-01-01,Vancouver,Skiing,Cross Country Skiing,"ROPONEN, Riitta-Liisa",Women,4X5KM Relay,Bronze,Finland,FIN,5482013.0,42311.0362306446,winter,4.0,3.88,5.5,9,4.0,3.63,2.75,4.38,30.0,5.13,5.75,48.0
2010-01-01,Vancouver,Skiing,Cross Country Skiing,"SAARINEN, Aino-Kaisa",Women,4X5KM Relay,Bronze,Finland,FIN,5482013.0,42311.0362306446,winter,4.0,3.88,5.5,9,4.0,3.63,2.75,4.38,30.0,5.13,5.75,48.0
2010-01-01,Vancouver,Skiing,Cross Country Skiing,"BJOERGEN, Marit",Women,4X5KM Relay,Gold,Norway,NOR,5195921.0,74400.3697770928,winter,4.0,3.88,5.5,9,4.0,3.63,2.75,4.38,30.0,5.13,5.75,48.0
2010-01-01,Vancouver,Skiing,Cross Country Skiing,"JOHAUG, Therese",Women,4X5KM Relay,Gold,Norway,NOR,5195921.0,74400.3697770928,winter,4.0,3.88,5.5,9,4.0,3.63,2.75,4.38,30.0,5.13,5.75,48.0
2010-01-01,Vancouver,Skiing,Cross Country Skiing,"SKOFTERUD, Vibeke W",Women,4X5KM Relay,Gold,Norway,NOR,5195921.0,74400.3697770928,winter,4.0,3.88,5.5,9,4.0,3.63,2.75,4.38,30.0,5.13,5.75,48.0
2010-01-01,Vancouver,Skiing,Cross Country Skiing,"STEIRA, Kristin Stoermer",Women,4X5KM Relay,Gold,Norway,NOR,5195921.0,74400.3697770928,winter,4.0,3.88,5.5,9,4.0,3.63,2.75,4.38,30.0,5.13,5.75,48.0
2010-01-01,Vancouver,Skiing,Cross Country Skiing,"GOSSNER, Miriam",Women,4X5KM Relay,Silver,Germany,GER,81413145.0,41313.3139945434,winter,4.0,3.88,5.5,9,4.0,3.63,2.75,4.38,30.0,5.13,5.75,48.0
2010-01-01,Vancouver,Skiing,Cross Country Skiing,"NYSTAD, Claudia",Women,4X5KM Relay,Silver,Germany,GER,81413145.0,41313.3139945434,winter,4.0,3.88,5.5,9,4.0,3.63,2.75,4.38,30.0,5.13,5.75,48.0
2010-01-01,Vancouver,Skiing,Cross Country Skiing,"SACHENBACHER-STEHLE, Evi",Women,4X5KM Relay,Silver,Germany,GER,81413145.0,41313.3139945434,winter,4.0,3.88,5.5,9,4.0,3.63,2.75,4.38,30.0,5.13,5.75,48.0
2010-01-01,Vancouver,Skiing,Cross Country Skiing,"ZELLER, Katrin",Women,4X5KM Relay,Silver,Germany,GER,81413145.0,41313.3139945434,winter,4.0,3.88,5.5,9,4.0,3.63,2.75,4.38,30.0,5.13,5.75,48.0
2010-01-01,Vancouver,Skiing,Cross Country Skiing,"OLSSON, Johan",Men,50KM,Bronze,Sweden,SWE,9798871.0,50579.67364867769,winter,4.0,3.88,5.5,9,4.0,3.63,2.75,4.38,30.0,5.13,5.75,48.0
2010-01-01,Vancouver,Skiing,Cross Country Skiing,"NORTHUG, Petter",Men,50KM,Gold,Norway,NOR,5195921.0,74400.3697770928,winter,4.0,3.88,5.5,9,4.0,3.63,2.75,4.38,30.0,5.13,5.75,48.0
2010-01-01,Vancouver,Skiing,Cross Country Skiing,"TEICHMANN, Axel",Men,50KM,Silver,Germany,GER,81413145.0,41313.3139945434,winter,4.0,3.88,5.5,9,4.0,3.63,2.75,4.38,30.0,5.13,5.75,48.0
2010-01-01,Vancouver,Skiing,Cross Country Skiing,"OLSSON, Johan",Men,Combined 15 + 15KM Mass Start,Bronze,Sweden,SWE,9798871.0,50579.67364867769,winter,4.0,3.88,5.5,9,4.0,3.63,2.75,4.38,30.0,5.13,5.75,48.0
2010-01-01,Vancouver,Skiing,Cross Country Skiing,"HELLNER, Marcus",Men,Combined 15 + 15KM Mass Start,Gold,Sweden,SWE,9798871.0,50579.67364867769,winter,4.0,3.88,5.5,9,4.0,3.63,2.75,4.38,30.0,5.13,5.75,48.0
2010-01-01,Vancouver,Skiing,Cross Country Skiing,"ANGERER, Tobias",Men,Combined 15 + 15KM Mass Start,Silver,Germany,GER,81413145.0,41313.3139945434,winter,4.0,3.88,5.5,9,4.0,3.63,2.75,4.38,30.0,5.13,5.75,48.0
2010-01-01,Vancouver,Skiing,Cross Country Skiing,"KOWALCZYK, Justyna",Women,Combined 7.5 + 7.5Km Mass Start,Bronze,Poland,POL,37999494.0,12554.547553631299,winter,4.0,3.88,5.5,9,4.0,3.63,2.75,4.38,30.0,5.13,5.75,48.0
2010-01-01,Vancouver,Skiing,Cross Country Skiing,"BJOERGEN, Marit",Women,Combined 7.5 + 7.5Km Mass Start,Gold,Norway,NOR,5195921.0,74400.3697770928,winter,4.0,3.88,5.5,9,4.0,3.63,2.75,4.38,30.0,5.13,5.75,48.0
2010-01-01,Vancouver,Skiing,Cross Country Skiing,"HAAG, Anna",Women,Combined 7.5 + 7.5Km Mass Start,Silver,Sweden,SWE,9798871.0,50579.67364867769,winter,4.0,3.88,5.5,9,4.0,3.63,2.75,4.38,30.0,5.13,5.75,48.0
2010-01-01,Vancouver,Skiing,Cross Country Skiing,"NORTHUG, Petter",Men,Sprint 1.5KM,Bronze,Norway,NOR,5195921.0,74400.3697770928,winter,4.0,3.88,5.5,9,4.0,3.63,2.75,4.38,30.0,5.13,5.75,48.0
2010-01-01,Vancouver,Skiing,Cross Country Skiing,"KRIUKOV, Nikita",Men,Sprint 1.5KM,Gold,Russia,RUS,144096812.0,9092.580536068841,winter,4.0,3.88,5.5,9,4.0,3.63,2.75,4.38,30.0,5.13,5.75,48.0
2010-01-01,Vancouver,Skiing,Cross Country Skiing,"PANZHINSKIY, Alexander",Men,Sprint 1.5KM,Silver,Russia,RUS,144096812.0,9092.580536068841,winter,4.0,3.88,5.5,9,4.0,3.63,2.75,4.38,30.0,5.13,5.75,48.0
2010-01-01,Vancouver,Skiing,Cross Country Skiing,"MAJDIC, Petra",Women,Sprint 1.5KM,Bronze,Slovenia,SLO,2063768.0,20726.5398863708,winter,4.0,3.88,5.5,9,4.0,3.63,2.75,4.38,30.0,5.13,5.75,48.0
2010-01-01,Vancouver,Skiing,Cross Country Skiing,"BJOERGEN, Marit",Women,Sprint 1.5KM,Gold,Norway,NOR,5195921.0,74400.3697770928,winter,4.0,3.88,5.5,9,4.0,3.63,2.75,4.38,30.0,5.13,5.75,48.0
2010-01-01,Vancouver,Skiing,Cross Country Skiing,"KOWALCZYK, Justyna",Women,Sprint 1.5KM,Silver,Poland,POL,37999494.0,12554.547553631299,winter,4.0,3.88,5.5,9,4.0,3.63,2.75,4.38,30.0,5.13,5.75,48.0
2010-01-01,Vancouver,Skiing,Cross Country Skiing,"MORILOV, Nikolay",Men,Team Sprint,Bronze,Russia,RUS,144096812.0,9092.580536068841,winter,4.0,3.88,5.5,9,4.0,3.63,2.75,4.38,30.0,5.13,5.75,48.0
2010-01-01,Vancouver,Skiing,Cross Country Skiing,"PETUKHOV, Alexey",Men,Team Sprint,Bronze,Russia,RUS,144096812.0,9092.580536068841,winter,4.0,3.88,5.5,9,4.0,3.63,2.75,4.38,30.0,5.13,5.75,48.0
2010-01-01,Vancouver,Skiing,Cross Country Skiing,"NORTHUG, Petter",Men,Team Sprint,Gold,Norway,NOR,5195921.0,74400.3697770928,winter,4.0,3.88,5.5,9,4.0,3.63,2.75,4.38,30.0,5.13,5.75,48.0
2010-01-01,Vancouver,Skiing,Cross Country Skiing,"PETTERSEN, Oeystein",Men,Team Sprint,Gold,Norway,NOR,5195921.0,74400.3697770928,winter,4.0,3.88,5.5,9,4.0,3.63,2.75,4.38,30.0,5.13,5.75,48.0
2010-01-01,Vancouver,Skiing,Cross Country Skiing,"TEICHMANN, Axel",Men,Team Sprint,Silver,Germany,GER,81413145.0,41313.3139945434,winter,4.0,3.88,5.5,9,4.0,3.63,2.75,4.38,30.0,5.13,5.75,48.0
2010-01-01,Vancouver,Skiing,Cross Country Skiing,"TSCHARNKE, Tim",Men,Team Sprint,Silver,Germany,GER,81413145.0,41313.3139945434,winter,4.0,3.88,5.5,9,4.0,3.63,2.75,4.38,30.0,5.13,5.75,48.0
2010-01-01,Vancouver,Skiing,Cross Country Skiing,"KHAZOVA, Irina",Women,Team Sprint,Bronze,Russia,RUS,144096812.0,9092.580536068841,winter,4.0,3.88,5.5,9,4.0,3.63,2.75,4.38,30.0,5.13,5.75,48.0
2010-01-01,Vancouver,Skiing,Cross Country Skiing,"KOROSTELEVA, Natalia",Women,Team Sprint,Bronze,Russia,RUS,144096812.0,9092.580536068841,winter,4.0,3.88,5.5,9,4.0,3.63,2.75,4.38,30.0,5.13,5.75,48.0
2010-01-01,Vancouver,Skiing,Cross Country Skiing,"NYSTAD, Claudia",Women,Team Sprint,Gold,Germany,GER,81413145.0,41313.3139945434,winter,4.0,3.88,5.5,9,4.0,3.63,2.75,4.38,30.0,5.13,5.75,48.0
2010-01-01,Vancouver,Skiing,Cross Country Skiing,"SACHENBACHER-STEHLE, Evi",Women,Team Sprint,Gold,Germany,GER,81413145.0,41313.3139945434,winter,4.0,3.88,5.5,9,4.0,3.63,2.75,4.38,30.0,5.13,5.75,48.0
2010-01-01,Vancouver,Skiing,Cross Country Skiing,"HAAG, Anna",Women,Team Sprint,Silver,Sweden,SWE,9798871.0,50579.67364867769,winter,4.0,3.88,5.5,9,4.0,3.63,2.75,4.38,30.0,5.13,5.75,48.0
2010-01-01,Vancouver,Skiing,Cross Country Skiing,"KALLA, Charlotte",Women,Team Sprint,Silver,Sweden,SWE,9798871.0,50579.67364867769,winter,4.0,3.88,5.5,9,4.0,3.63,2.75,4.38,30.0,5.13,5.75,48.0
2010-01-01,Vancouver,Skiing,Freestyle Skiing,"LIU, Zhongqing",Men,Aerials,Bronze,China,CHN,1371220000.0,8027.6838101390695,winter,6.63,3.88,5.13,4.13,6.88,4.13,6.63,4.88,25.0,5.13,5.13,52.5
2010-01-01,Vancouver,Skiing,Freestyle Skiing,"GRISHIN, Alexei",Men,Aerials,Gold,Belarus,BLR,9513000.0,5740.4564947956205,winter,6.63,3.88,5.13,4.13,6.88,4.13,6.63,4.88,25.0,5.13,5.13,52.5
2010-01-01,Vancouver,Skiing,Freestyle Skiing,"PETERSON, Jeret",Men,Aerials,Silver,United States,USA,321418820.0,56115.7184261955,winter,6.63,3.88,5.13,4.13,6.88,4.13,6.63,4.88,25.0,5.13,5.13,52.5
2010-01-01,Vancouver,Skiing,Freestyle Skiing,"GUO, Xinxin",Women,Aerials,Bronze,China,CHN,1371220000.0,8027.6838101390695,winter,6.63,3.88,5.13,4.13,6.88,4.13,6.63,4.88,25.0,5.13,5.13,52.5
2010-01-01,Vancouver,Skiing,Freestyle Skiing,"LASSILA, Lydia",Women,Aerials,Gold,Australia,AUS,23781169.0,56310.9629933721,winter,6.63,3.88,5.13,4.13,6.88,4.13,6.63,4.88,25.0,5.13,5.13,52.5
2010-01-01,Vancouver,Skiing,Freestyle Skiing,"LI, Nina",Women,Aerials,Silver,China,CHN,1371220000.0,8027.6838101390695,winter,6.63,3.88,5.13,4.13,6.88,4.13,6.63,4.88,25.0,5.13,5.13,52.5
2010-01-01,Vancouver,Skiing,Freestyle Skiing,"WILSON, Bryon",Men,Moguls,Bronze,United States,USA,321418820.0,56115.7184261955,winter,6.63,3.88,5.13,4.13,6.88,4.13,6.63,4.88,25.0,5.13,5.13,52.5
2010-01-01,Vancouver,Skiing,Freestyle Skiing,"BILODEAU, Alexandre",Men,Moguls,Gold,Canada,CAN,35851774.0,43248.529909341,winter,6.63,3.88,5.13,4.13,6.88,4.13,6.63,4.88,25.0,5.13,5.13,52.5
2010-01-01,Vancouver,Skiing,Freestyle Skiing,"BEGG-SMITH, Dale",Men,Moguls,Silver,Australia,AUS,23781169.0,56310.9629933721,winter,6.63,3.88,5.13,4.13,6.88,4.13,6.63,4.88,25.0,5.13,5.13,52.5
2010-01-01,Vancouver,Skiing,Freestyle Skiing,"BAHRKE, Shannon",Women,Moguls,Bronze,United States,USA,321418820.0,56115.7184261955,winter,6.63,3.88,5.13,4.13,6.88,4.13,6.63,4.88,25.0,5.13,5.13,52.5
2010-01-01,Vancouver,Skiing,Freestyle Skiing,"KEARNEY, Hannah",Women,Moguls,Gold,United States,USA,321418820.0,56115.7184261955,winter,6.63,3.88,5.13,4.13,6.88,4.13,6.63,4.88,25.0,5.13,5.13,52.5
2010-01-01,Vancouver,Skiing,Freestyle Skiing,"HEIL, Jennifer",Women,Moguls,Silver,Canada,CAN,35851774.0,43248.529909341,winter,6.63,3.88,5.13,4.13,6.88,4.13,6.63,4.88,25.0,5.13,5.13,52.5
2010-01-01,Vancouver,Skiing,Freestyle Skiing,"GROENVOLD, Audun",Men,Ski Cross,Bronze,Norway,NOR,5195921.0,74400.3697770928,winter,6.63,3.88,5.13,4.13,6.88,4.13,6.63,4.88,25.0,5.13,5.13,52.5
2010-01-01,Vancouver,Skiing,Freestyle Skiing,"SCHMID, Michael",Men,Ski Cross,Gold,Switzerland,SUI,8286976.0,80945.0792194742,winter,6.63,3.88,5.13,4.13,6.88,4.13,6.63,4.88,25.0,5.13,5.13,52.5
2010-01-01,Vancouver,Skiing,Freestyle Skiing,"MATT, Andreas",Men,Ski Cross,Silver,Austria,AUT,8611088.0,43774.985173612,winter,6.63,3.88,5.13,4.13,6.88,4.13,6.63,4.88,25.0,5.13,5.13,52.5
2010-01-01,Vancouver,Skiing,Freestyle Skiing,"JOSSERAND, Marion",Women,Ski Cross,Bronze,France,FRA,66808385.0,36205.5681017036,winter,6.63,3.88,5.13,4.13,6.88,4.13,6.63,4.88,25.0,5.13,5.13,52.5
2010-01-01,Vancouver,Skiing,Freestyle Skiing,"McIVOR, Ashleigh",Women,Ski Cross,Gold,Canada,CAN,35851774.0,43248.529909341,winter,6.63,3.88,5.13,4.13,6.88,4.13,6.63,4.88,25.0,5.13,5.13,52.5
2010-01-01,Vancouver,Skiing,Freestyle Skiing,"BERNTSEN, Hedda",Women,Ski Cross,Silver,Norway,NOR,5195921.0,74400.3697770928,winter,6.63,3.88,5.13,4.13,6.88,4.13,6.63,4.88,25.0,5.13,5.13,52.5
2010-01-01,Vancouver,Skiing,Ski Jumping,"SCHLIERENZAUER, Gregor",Men,K120 Individual (90M),Bronze,Austria,AUT,8611088.0,43774.985173612,winter,4.0,3.5,4.63,3.5,5.0,4.38,9.0,5.75,29.0,4.63,4.5,48.875
2010-01-01,Vancouver,Skiing,Ski Jumping,"AMMANN, Simon",Men,K120 Individual (90M),Gold,Switzerland,SUI,8286976.0,80945.0792194742,winter,4.0,3.5,4.63,3.5,5.0,4.38,9.0,5.75,29.0,4.63,4.5,48.875
2010-01-01,Vancouver,Skiing,Ski Jumping,"MALYSZ, Adam",Men,K120 Individual (90M),Silver,Poland,POL,37999494.0,12554.547553631299,winter,4.0,3.5,4.63,3.5,5.0,4.38,9.0,5.75,29.0,4.63,4.5,48.875
2010-01-01,Vancouver,Skiing,Ski Jumping,"BARDAL, Anders",Men,K120 Team (90M),Bronze,Norway,NOR,5195921.0,74400.3697770928,winter,4.0,3.5,4.63,3.5,5.0,4.38,9.0,5.75,29.0,4.63,4.5,48.875
2010-01-01,Vancouver,Skiing,Ski Jumping,"EVENSEN, Johan Remen",Men,K120 Team (90M),Bronze,Norway,NOR,5195921.0,74400.3697770928,winter,4.0,3.5,4.63,3.5,5.0,4.38,9.0,5.75,29.0,4.63,4.5,48.875
2010-01-01,Vancouver,Skiing,Ski Jumping,"HILDE, Tom",Men,K120 Team (90M),Bronze,Norway,NOR,5195921.0,74400.3697770928,winter,4.0,3.5,4.63,3.5,5.0,4.38,9.0,5.75,29.0,4.63,4.5,48.875
2010-01-01,Vancouver,Skiing,Ski Jumping,"JACOBSEN, Anders",Men,K120 Team (90M),Bronze,Norway,NOR,5195921.0,74400.3697770928,winter,4.0,3.5,4.63,3.5,5.0,4.38,9.0,5.75,29.0,4.63,4.5,48.875
2010-01-01,Vancouver,Skiing,Ski Jumping,"KOFLER, Andreas",Men,K120 Team (90M),Gold,Austria,AUT,8611088.0,43774.985173612,winter,4.0,3.5,4.63,3.5,5.0,4.38,9.0,5.75,29.0,4.63,4.5,48.875
2010-01-01,Vancouver,Skiing,Ski Jumping,"LOITZL, Wolfgang",Men,K120 Team (90M),Gold,Austria,AUT,8611088.0,43774.985173612,winter,4.0,3.5,4.63,3.5,5.0,4.38,9.0,5.75,29.0,4.63,4.5,48.875
2010-01-01,Vancouver,Skiing,Ski Jumping,"MORGENSTERN, Thomas",Men,K120 Team (90M),Gold,Austria,AUT,8611088.0,43774.985173612,winter,4.0,3.5,4.63,3.5,5.0,4.38,9.0,5.75,29.0,4.63,4.5,48.875
2010-01-01,Vancouver,Skiing,Ski Jumping,"SCHLIERENZAUER, Gregor",Men,K120 Team (90M),Gold,Austria,AUT,8611088.0,43774.985173612,winter,4.0,3.5,4.63,3.5,5.0,4.38,9.0,5.75,29.0,4.63,4.5,48.875
2010-01-01,Vancouver,Skiing,Ski Jumping,"NEUMAYER, Michael",Men,K120 Team (90M),Silver,Germany,GER,81413145.0,41313.3139945434,winter,4.0,3.5,4.63,3.5,5.0,4.38,9.0,5.75,29.0,4.63,4.5,48.875
2010-01-01,Vancouver,Skiing,Ski Jumping,"SCHMITT, Martin",Men,K120 Team (90M),Silver,Germany,GER,81413145.0,41313.3139945434,winter,4.0,3.5,4.63,3.5,5.0,4.38,9.0,5.75,29.0,4.63,4.5,48.875
2010-01-01,Vancouver,Skiing,Ski Jumping,"UHRMANN, Michael",Men,K120 Team (90M),Silver,Germany,GER,81413145.0,41313.3139945434,winter,4.0,3.5,4.63,3.5,5.0,4.38,9.0,5.75,29.0,4.63,4.5,48.875
2010-01-01,Vancouver,Skiing,Ski Jumping,"WANK, Andreas",Men,K120 Team (90M),Silver,Germany,GER,81413145.0,41313.3139945434,winter,4.0,3.5,4.63,3.5,5.0,4.38,9.0,5.75,29.0,4.63,4.5,48.875
2010-01-01,Vancouver,Skiing,Ski Jumping,"SCHLIERENZAUER, Gregor",Men,K90 Individual (70M),Bronze,Austria,AUT,8611088.0,43774.985173612,winter,4.0,3.5,4.63,3.5,5.0,4.38,9.0,5.75,29.0,4.63,4.5,48.875
2010-01-01,Vancouver,Skiing,Ski Jumping,"AMMANN, Simon",Men,K90 Individual (70M),Gold,Switzerland,SUI,8286976.0,80945.0792194742,winter,4.0,3.5,4.63,3.5,5.0,4.38,9.0,5.75,29.0,4.63,4.5,48.875
2010-01-01,Vancouver,Skiing,Ski Jumping,"MALYSZ, Adam",Men,K90 Individual (70M),Silver,Poland,POL,37999494.0,12554.547553631299,winter,4.0,3.5,4.63,3.5,5.0,4.38,9.0,5.75,29.0,4.63,4.5,48.875
