1904-01-01,St Louis,Aquatics,Diving,"BRAUNSCHWEIGER, Alfred",Men,10M Platform,Bronze,Germany,GER,81413145.0,41313.3139945434,summer,3.5,3.0,5.0,2.88,8.5,3.0,8.38,4.63,35.0,3.0,5.13,47.0
1904-01-01,St Louis,Aquatics,Diving,"KEHOE, Frank",Men,10M Platform,Bronze,United States,USA,321418820.0,56115.7184261955,summer,3.5,3.0,5.0,2.88,8.5,3.0,8.38,4.63,35.0,3.0,5.13,47.0
1904-01-01,St Louis,Aquatics,Diving,"SHELDON, George",Men,10M Platform,Gold,United States,USA,321418820.0,56115.7184261955,summer,3.5,3.0,5.0,2.88,8.5,3.0,8.38,4.63,35.0,3.0,5.13,47.0
1904-01-01,St Louis,Aquatics,Diving,"HOFFMANN, Georg",Men,10M Platform,Silver,Germany,GER,81413145.0,41313.3139945434,summer,3.5,3.0,5.0,2.88,8.5,3.0,8.38,4.63,35.0,3.0,5.13,47.0
1904-01-01,St Louis,Aquatics,Diving,"GOODWIN, Leo Budd",Men,Plunge For Distance,Bronze,United States,USA,321418820.0,56115.7184261955,summer,3.5,3.0,5.0,2.88,8.5,3.0,8.38,4.63,35.0,3.0,5.13,47.0
1904-01-01,St Louis,Aquatics,Diving,"DICKEY, William Paul",Men,Plunge For Distance,Gold,United States,USA,321418820.0,56115.7184261955,summer,3.5,3.0,5.0,2.88,8.5,3.0,8.38,4.63,35.0,3.0,5.13,47.0
1904-01-01,St Louis,Aquatics,Diving,"ADAMS, Edgar H.",Men,Plunge For Distance,Silver,United States,USA,321418820.0,56115.7184261955,summer,3.5,3.0,5.0,2.88,8.5,3.0,8.38,4.63,35.0,3.0,5.13,47.0
1904-01-01,St Louis,Aquatics,Swimming,"ZACHARIAS, Georg",Men,100M Backstroke,Bronze,Germany,GER,81413145.0,41313.3139945434,summer,3.63,3.0,4.63,9.25,5.5,2.88,2.63,4.63,36.0,5.5,5.25,46.875
1904-01-01,St Louis,Aquatics,Swimming,"ZACHARIAS, Georg",Men,100M Backstroke,Bronze,Germany,GER,81413145.0,41313.3139945434,summer,3.63,3.0,3.25,4.13,5.5,2.75,2.5,6.25,45.0,7.88,5.25,44.125
1904-01-01,St Louis,Aquatics,Swimming,"BRACK, Walter",Men,100M Backstroke,Gold,Germany,GER,81413145.0,41313.3139945434,summer,3.63,3.0,4.63,9.25,5.5,2.88,2.63,4.63,36.0,5.5,5.25,46.875
1904-01-01,St Louis,Aquatics,Swimming,"BRACK, Walter",Men,100M Backstroke,Gold,Germany,GER,81413145.0,41313.3139945434,summer,3.63,3.0,3.25,4.13,5.5,2.75,2.5,6.25,45.0,7.88,5.25,44.125
1904-01-01,St Louis,Aquatics,Swimming,"HOFFMANN, Georg",Men,100M Backstroke,Silver,Germany,GER,81413145.0,41313.3139945434,summer,3.63,3.0,4.63,9.25,5.5,2.88,2.63,4.63,36.0,5.5,5.25,46.875
1904-01-01,St Louis,Aquatics,Swimming,"HOFFMANN, Georg",Men,100M Backstroke,Silver,Germany,GER,81413145.0,41313.3139945434,summer,3.63,3.0,3.25,4.13,5.5,2.75,2.5,6.25,45.0,7.88,5.25,44.125
1904-01-01,St Louis,Aquatics,Swimming,"LEARY, J. Scott",Men,100M Freestyle,Bronze,United States,USA,321418820.0,56115.7184261955,summer,3.63,3.0,4.63,9.25,5.5,2.88,2.63,4.63,36.0,5.5,5.25,46.875
1904-01-01,St Louis,Aquatics,Swimming,"LEARY, J. Scott",Men,100M Freestyle,Bronze,United States,USA,321418820.0,56115.7184261955,summer,3.63,3.0,3.25,4.13,5.5,2.75,2.5,6.25,45.0,7.88,5.25,44.125
1904-01-01,St Louis,Aquatics,Swimming,"HALMAY, Zoltan",Men,100M Freestyle,Gold,Hungary,HUN,9844686.0,12363.543459653898,summer,3.63,3.0,4.63,9.25,5.5,2.88,2.63,4.63,36.0,5.5,5.25,46.875
1904-01-01,St Louis,Aquatics,Swimming,"HALMAY, Zoltan",Men,100M Freestyle,Gold,Hungary,HUN,9844686.0,12363.543459653898,summer,3.63,3.0,3.25,4.13,5.5,2.75,2.5,6.25,45.0,7.88,5.25,44.125
1904-01-01,St Louis,Aquatics,Swimming,"DANIELS, Charles",Men,100M Freestyle,Silver,United States,USA,321418820.0,56115.7184261955,summer,3.63,3.0,4.63,9.25,5.5,2.88,2.63,4.63,36.0,5.5,5.25,46.875
1904-01-01,St Louis,Aquatics,Swimming,"DANIELS, Charles",Men,100M Freestyle,Silver,United States,USA,321418820.0,56115.7184261955,summer,3.63,3.0,3.25,4.13,5.5,2.75,2.5,6.25,45.0,7.88,5.25,44.125
1904-01-01,St Louis,Aquatics,Swimming,"GAILEY, Francis",Men,1500M Freestyle,Bronze,United States,USA,321418820.0,56115.7184261955,summer,3.63,3.0,4.63,9.25,5.5,2.88,2.63,4.63,36.0,5.5,5.25,46.875
1904-01-01,St Louis,Aquatics,Swimming,"GAILEY, Francis",Men,1500M Freestyle,Bronze,United States,USA,321418820.0,56115.7184261955,summer,3.63,3.0,3.25,4.13,5.5,2.75,2.5,6.25,45.0,7.88,5.25,44.125
1904-01-01,St Louis,Aquatics,Swimming,"RAUSCH, Emil",Men,1500M Freestyle,Gold,Germany,GER,81413145.0,41313.3139945434,summer,3.63,3.0,4.63,9.25,5.5,2.88,2.63,4.63,36.0,5.5,5.25,46.875
1904-01-01,St Louis,Aquatics,Swimming,"RAUSCH, Emil",Men,1500M Freestyle,Gold,Germany,GER,81413145.0,41313.3139945434,summer,3.63,3.0,3.25,4.13,5.5,2.75,2.5,6.25,45.0,7.88,5.25,44.125
1904-01-01,St Louis,Aquatics,Swimming,"KISS, Geza",Men,1500M Freestyle,Silver,Hungary,HUN,9844686.0,12363.543459653898,summer,3.63,3.0,4.63,9.25,5.5,2.88,2.63,4.63,36.0,5.5,5.25,46.875
1904-01-01,St Louis,Aquatics,Swimming,"KISS, Geza",Men,1500M Freestyle,Silver,Hungary,HUN,9844686.0,12363.543459653898,summer,3.63,3.0,3.25,4.13,5.5,2.75,2.5,6.25,45.0,7.88,5.25,44.125
1904-01-01,St Louis,Aquatics,Swimming,"RAUSCH, Emil",Men,200M Freestyle,Bronze,Germany,GER,81413145.0,41313.3139945434,summer,3.63,3.0,4.63,9.25,5.5,2.88,2.63,4.63,36.0,5.5,5.25,46.875
1904-01-01,St Louis,Aquatics,Swimming,"RAUSCH, Emil",Men,200M Freestyle,Bronze,Germany,GER,81413145.0,41313.3139945434,summer,3.63,3.0,3.25,4.13,5.5,2.75,2.5,6.25,45.0,7.88,5.25,44.125
1904-01-01,St Louis,Aquatics,Swimming,"DANIELS, Charles",Men,200M Freestyle,Gold,United States,USA,321418820.0,56115.7184261955,summer,3.63,3.0,4.63,9.25,5.5,2.88,2.63,4.63,36.0,5.5,5.25,46.875
1904-01-01,St Louis,Aquatics,Swimming,"DANIELS, Charles",Men,200M Freestyle,Gold,United States,USA,321418820.0,56115.7184261955,summer,3.63,3.0,3.25,4.13,5.5,2.75,2.5,6.25,45.0,7.88,5.25,44.125
1904-01-01,St Louis,Aquatics,Swimming,"GAILEY, Francis",Men,200M Freestyle,Silver,United States,USA,321418820.0,56115.7184261955,summer,3.63,3.0,4.63,9.25,5.5,2.88,2.63,4.63,36.0,5.5,5.25,46.875
1904-01-01,St Louis,Aquatics,Swimming,"GAILEY, Francis",Men,200M Freestyle,Silver,United States,USA,321418820.0,56115.7184261955,summer,3.63,3.0,3.25,4.13,5.5,2.75,2.5,6.25,45.0,7.88,5.25,44.125
1904-01-01,St Louis,Aquatics,Swimming,"HANDY, Hehry Jamison",Men,400M Breaststroke,Bronze,United States,USA,321418820.0,56115.7184261955,summer,3.63,3.0,4.63,9.25,5.5,2.88,2.63,4.63,36.0,5.5,5.25,46.875
1904-01-01,St Louis,Aquatics,Swimming,"HANDY, Hehry Jamison",Men,400M Breaststroke,Bronze,United States,USA,321418820.0,56115.7184261955,summer,3.63,3.0,3.25,4.13,5.5,2.75,2.5,6.25,45.0,7.88,5.25,44.125
1904-01-01,St Louis,Aquatics,Swimming,"ZACHARIAS, Georg",Men,400M Breaststroke,Gold,Germany,GER,81413145.0,41313.3139945434,summer,3.63,3.0,4.63,9.25,5.5,2.88,2.63,4.63,36.0,5.5,5.25,46.875
1904-01-01,St Louis,Aquatics,Swimming,"ZACHARIAS, Georg",Men,400M Breaststroke,Gold,Germany,GER,81413145.0,41313.3139945434,summer,3.63,3.0,3.25,4.13,5.5,2.75,2.5,6.25,45.0,7.88,5.25,44.125
1904-01-01,St Louis,Aquatics,Swimming,"BRACK, Walter",Men,400M Breaststroke,Silver,Germany,GER,81413145.0,41313.3139945434,summer,3.63,3.0,4.63,9.25,5.5,2.88,2.63,4.63,36.0,5.5,5.25,46.875
1904-01-01,St Louis,Aquatics,Swimming,"BRACK, Walter",Men,400M Breaststroke,Silver,Germany,GER,81413145.0,41313.3139945434,summer,3.63,3.0,3.25,4.13,5.5,2.75,2.5,6.25,45.0,7.88,5.25,44.125
1904-01-01,St Louis,Aquatics,Swimming,"WAHLE, Otto",Men,400M Freestyle,Bronze,Austria,AUT,8611088.0,43774.985173612,summer,3.63,3.0,4.63,9.25,5.5,2.88,2.63,4.63,36.0,5.5,5.25,46.875
1904-01-01,St Louis,Aquatics,Swimming,"WAHLE, Otto",Men,400M Freestyle,Bronze,Austria,AUT,8611088.0,43774.985173612,summer,3.63,3.0,3.25,4.13,5.5,2.75,2.5,6.25,45.0,7.88,5.25,44.125
1904-01-01,St Louis,Aquatics,Swimming,"DANIELS, Charles",Men,400M Freestyle,Gold,United States,USA,321418820.0,56115.7184261955,summer,3.63,3.0,4.63,9.25,5.5,2.88,2.63,4.63,36.0,5.5,5.25,46.875
1904-01-01,St Louis,Aquatics,Swimming,"DANIELS, Charles",Men,400M Freestyle,Gold,United States,USA,321418820.0,56115.7184261955,summer,3.63,3.0,3.25,4.13,5.5,2.75,2.5,6.25,45.0,7.88,5.25,44.125
1904-01-01,St Louis,Aquatics,Swimming,"GAILEY, Francis",Men,400M Freestyle,Silver,United States,USA,321418820.0,56115.7184261955,summer,3.63,3.0,4.63,9.25,5.5,2.88,2.63,4.63,36.0,5.5,5.25,46.875
1904-01-01,St Louis,Aquatics,Swimming,"GAILEY, Francis",Men,400M Freestyle,Silver,United States,USA,321418820.0,56115.7184261955,summer,3.63,3.0,3.25,4.13,5.5,2.75,2.5,6.25,45.0,7.88,5.25,44.125
1904-01-01,St Louis,Aquatics,Swimming,"EVANS, Gwynne",Men,4X50Y Freestyle Relay,Bronze,United States,USA,321418820.0,56115.7184261955,summer,3.63,3.0,4.63,9.25,5.5,2.88,2.63,4.63,36.0,5.5,5.25,46.875
1904-01-01,St Louis,Aquatics,Swimming,"EVANS, Gwynne",Men,4X50Y Freestyle Relay,Bronze,United States,USA,321418820.0,56115.7184261955,summer,3.63,3.0,3.25,4.13,5.5,2.75,2.5,6.25,45.0,7.88,5.25,44.125
1904-01-01,St Louis,Aquatics,Swimming,"ORTHWEIN, William Robert",Men,4X50Y Freestyle Relay,Bronze,United States,USA,321418820.0,56115.7184261955,summer,3.63,3.0,4.63,9.25,5.5,2.88,2.63,4.63,36.0,5.5,5.25,46.875
1904-01-01,St Louis,Aquatics,Swimming,"ORTHWEIN, William Robert",Men,4X50Y Freestyle Relay,Bronze,United States,USA,321418820.0,56115.7184261955,summer,3.63,3.0,3.25,4.13,5.5,2.75,2.5,6.25,45.0,7.88,5.25,44.125
1904-01-01,St Louis,Aquatics,Swimming,"REYBURN, Amadee",Men,4X50Y Freestyle Relay,Bronze,United States,USA,321418820.0,56115.7184261955,summer,3.63,3.0,4.63,9.25,5.5,2.88,2.63,4.63,36.0,5.5,5.25,46.875
1904-01-01,St Louis,Aquatics,Swimming,"REYBURN, Amadee",Men,4X50Y Freestyle Relay,Bronze,United States,USA,321418820.0,56115.7184261955,summer,3.63,3.0,3.25,4.13,5.5,2.75,2.5,6.25,45.0,7.88,5.25,44.125
1904-01-01,St Louis,Aquatics,Swimming,"SCHWARTZ, Marquard",Men,4X50Y Freestyle Relay,Bronze,United States,USA,321418820.0,56115.7184261955,summer,3.63,3.0,4.63,9.25,5.5,2.88,2.63,4.63,36.0,5.5,5.25,46.875
1904-01-01,St Louis,Aquatics,Swimming,"SCHWARTZ, Marquard",Men,4X50Y Freestyle Relay,Bronze,United States,USA,321418820.0,56115.7184261955,summer,3.63,3.0,3.25,4.13,5.5,2.75,2.5,6.25,45.0,7.88,5.25,44.125
1904-01-01,St Louis,Aquatics,Swimming,"DANIELS, Charles",Men,4X50Y Freestyle Relay,Gold,United States,USA,321418820.0,56115.7184261955,summer,3.63,3.0,4.63,9.25,5.5,2.88,2.63,4.63,36.0,5.5,5.25,46.875
1904-01-01,St Louis,Aquatics,Swimming,"DANIELS, Charles",Men,4X50Y Freestyle Relay,Gold,United States,USA,321418820.0,56115.7184261955,summer,3.63,3.0,3.25,4.13,5.5,2.75,2.5,6.25,45.0,7.88,5.25,44.125
1904-01-01,St Louis,Aquatics,Swimming,"GOODWIN, Leo Budd",Men,4X50Y Freestyle Relay,Gold,United States,USA,321418820.0,56115.7184261955,summer,3.63,3.0,4.63,9.25,5.5,2.88,2.63,4.63,36.0,5.5,5.25,46.875
1904-01-01,St Louis,Aquatics,Swimming,"GOODWIN, Leo Budd",Men,4X50Y Freestyle Relay,Gold,United States,USA,321418820.0,56115.7184261955,summer,3.63,3.0,3.25,4.13,5.5,2.75,2.5,6.25,45.0,7.88,5.25,44.125
1904-01-01,St Louis,Aquatics,Swimming,"HANDLEY, Louis De Breda",Men,4X50Y Freestyle Relay,Gold,United States,USA,321418820.0,56115.7184261955,summer,3.63,3.0,4.63,9.25,5.5,2.88,2.63,4.63,36.0,5.5,5.25,46.875
1904-01-01,St Louis,Aquatics,Swimming,"HANDLEY, Louis De Breda",Men,4X50Y Freestyle Relay,Gold,United States,USA,321418820.0,56115.7184261955,summer,3.63,3.0,3.25,4.13,5.5,2.75,2.5,6.25,45.0,7.88,5.25,44.125
1904-01-01,St Louis,Aquatics,Swimming,"RUDDY, Joseph A.",Men,4X50Y Freestyle Relay,Gold,United States,USA,321418820.0,56115.7184261955,summer,3.63,3.0,4.63,9.25,5.5,2.88,2.63,4.63,36.0,5.5,5.25,46.875
1904-01-01,St Louis,Aquatics,Swimming,"RUDDY, Joseph A.",Men,4X50Y Freestyle Relay,Gold,United States,USA,321418820.0,56115.7184261955,summer,3.63,3.0,3.25,4.13,5.5,2.75,2.5,6.25,45.0,7.88,5.25,44.125
1904-01-01,St Louis,Aquatics,Swimming,"GOETZ, Hugo",Men,4X50Y Freestyle Relay,Silver,United States,USA,321418820.0,56115.7184261955,summer,3.63,3.0,4.63,9.25,5.5,2.88,2.63,4.63,36.0,5.5,5.25,46.875
1904-01-01,St Louis,Aquatics,Swimming,"GOETZ, Hugo",Men,4X50Y Freestyle Relay,Silver,United States,USA,321418820.0,56115.7184261955,summer,3.63,3.0,3.25,4.13,5.5,2.75,2.5,6.25,45.0,7.88,5.25,44.125
1904-01-01,St Louis,Aquatics,Swimming,"HAMMOND, David",Men,4X50Y Freestyle Relay,Silver,United States,USA,321418820.0,56115.7184261955,summer,3.63,3.0,4.63,9.25,5.5,2.88,2.63,4.63,36.0,5.5,5.25,46.875
1904-01-01,St Louis,Aquatics,Swimming,"HAMMOND, David",Men,4X50Y Freestyle Relay,Silver,United States,USA,321418820.0,56115.7184261955,summer,3.63,3.0,3.25,4.13,5.5,2.75,2.5,6.25,45.0,7.88,5.25,44.125
1904-01-01,St Louis,Aquatics,Swimming,"THORNE, Raymond",Men,4X50Y Freestyle Relay,Silver,United States,USA,321418820.0,56115.7184261955,summer,3.63,3.0,4.63,9.25,5.5,2.88,2.63,4.63,36.0,5.5,5.25,46.875
1904-01-01,St Louis,Aquatics,Swimming,"THORNE, Raymond",Men,4X50Y Freestyle Relay,Silver,United States,USA,321418820.0,56115.7184261955,summer,3.63,3.0,3.25,4.13,5.5,2.75,2.5,6.25,45.0,7.88,5.25,44.125
1904-01-01,St Louis,Aquatics,Swimming,"TUTTLE, William",Men,4X50Y Freestyle Relay,Silver,United States,USA,321418820.0,56115.7184261955,summer,3.63,3.0,4.63,9.25,5.5,2.88,2.63,4.63,36.0,5.5,5.25,46.875
1904-01-01,St Louis,Aquatics,Swimming,"TUTTLE, William",Men,4X50Y Freestyle Relay,Silver,United States,USA,321418820.0,56115.7184261955,summer,3.63,3.0,3.25,4.13,5.5,2.75,2.5,6.25,45.0,7.88,5.25,44.125
1904-01-01,St Louis,Aquatics,Swimming,"DANIELS, Charles",Men,50Y Freestyle (45.72M),Bronze,United States,USA,321418820.0,56115.7184261955,summer,3.63,3.0,4.63,9.25,5.5,2.88,2.63,4.63,36.0,5.5,5.25,46.875
1904-01-01,St Louis,Aquatics,Swimming,"DANIELS, Charles",Men,50Y Freestyle (45.72M),Bronze,United States,USA,321418820.0,56115.7184261955,summer,3.63,3.0,3.25,4.13,5.5,2.75,2.5,6.25,45.0,7.88,5.25,44.125
1904-01-01,St Louis,Aquatics,Swimming,"HALMAY, Zoltan",Men,50Y Freestyle (45.72M),Gold,Hungary,HUN,9844686.0,12363.543459653898,summer,3.63,3.0,4.63,9.25,5.5,2.88,2.63,4.63,36.0,5.5,5.25,46.875
1904-01-01,St Louis,Aquatics,Swimming,"HALMAY, Zoltan",Men,50Y Freestyle (45.72M),Gold,Hungary,HUN,9844686.0,12363.543459653898,summer,3.63,3.0,3.25,4.13,5.5,2.75,2.5,6.25,45.0,7.88,5.25,44.125
1904-01-01,St Louis,Aquatics,Swimming,"LEARY, J. Scott",Men,50Y Freestyle (45.72M),Silver,United States,USA,321418820.0,56115.7184261955,summer,3.63,3.0,4.63,9.25,5.5,2.88,2.63,4.63,36.0,5.5,5.25,46.875
1904-01-01,St Louis,Aquatics,Swimming,"LEARY, J. Scott",Men,50Y Freestyle (45.72M),Silver,United States,USA,321418820.0,56115.7184261955,summer,3.63,3.0,3.25,4.13,5.5,2.75,2.5,6.25,45.0,7.88,5.25,44.125
1904-01-01,St Louis,Aquatics,Swimming,"KISS, Geza",Men,880Y Freestyle (804.66M),Bronze,Hungary,HUN,9844686.0,12363.543459653898,summer,3.63,3.0,4.63,9.25,5.5,2.88,2.63,4.63,36.0,5.5,5.25,46.875
1904-01-01,St Louis,Aquatics,Swimming,"KISS, Geza",Men,880Y Freestyle (804.66M),Bronze,Hungary,HUN,9844686.0,12363.543459653898,summer,3.63,3.0,3.25,4.13,5.5,2.75,2.5,6.25,45.0,7.88,5.25,44.125
1904-01-01,St Louis,Aquatics,Swimming,"RAUSCH, Emil",Men,880Y Freestyle (804.66M),Gold,Germany,GER,81413145.0,41313.3139945434,summer,3.63,3.0,4.63,9.25,5.5,2.88,2.63,4.63,36.0,5.5,5.25,46.875
1904-01-01,St Louis,Aquatics,Swimming,"RAUSCH, Emil",Men,880Y Freestyle (804.66M),Gold,Germany,GER,81413145.0,41313.3139945434,summer,3.63,3.0,3.25,4.13,5.5,2.75,2.5,6.25,45.0,7.88,5.25,44.125
1904-01-01,St Louis,Aquatics,Swimming,"GAILEY, Francis",Men,880Y Freestyle (804.66M),Silver,United States,USA,321418820.0,56115.7184261955,summer,3.63,3.0,4.63,9.25,5.5,2.88,2.63,4.63,36.0,5.5,5.25,46.875
1904-01-01,St Louis,Aquatics,Swimming,"GAILEY, Francis",Men,880Y Freestyle (804.66M),Silver,United States,USA,321418820.0,56115.7184261955,summer,3.63,3.0,3.25,4.13,5.5,2.75,2.5,6.25,45.0,7.88,5.25,44.125
1904-01-01,St Louis,Archery,Archery,"THOMPSON, William Henry",Men,Double American Round (60Y - 50Y - 40Y),Bronze,United States,USA,321418820.0,56115.7184261955,summer,1.63,3.25,2.13,2.88,2.63,6.63,2.75,3.13,55.0,1.13,4.5,30.625
1904-01-01,St Louis,Archery,Archery,"BRYANT, George Philipp",Men,Double American Round (60Y - 50Y - 40Y),Gold,United States,USA,321418820.0,56115.7184261955,summer,1.63,3.25,2.13,2.88,2.63,6.63,2.75,3.13,55.0,1.13,4.5,30.625
1904-01-01,St Louis,Archery,Archery,"WILLIAMS, Robert",Men,Double American Round (60Y - 50Y - 40Y),Silver,United States,USA,321418820.0,56115.7184261955,summer,1.63,3.25,2.13,2.88,2.63,6.63,2.75,3.13,55.0,1.13,4.5,30.625
1904-01-01,St Louis,Archery,Archery,"POLLOCK, Jessie",Women,Double Columbia Round (50Y - 40Y - 30Y),Bronze,United States,USA,321418820.0,56115.7184261955,summer,1.63,3.25,2.13,2.88,2.63,6.63,2.75,3.13,55.0,1.13,4.5,30.625
1904-01-01,St Louis,Archery,Archery,"HOWELL, Matilda Scott",Women,Double Columbia Round (50Y - 40Y - 30Y),Gold,United States,USA,321418820.0,56115.7184261955,summer,1.63,3.25,2.13,2.88,2.63,6.63,2.75,3.13,55.0,1.13,4.5,30.625
1904-01-01,St Louis,Archery,Archery,"COOKE, Emma C.",Women,Double Columbia Round (50Y - 40Y - 30Y),Silver,United States,USA,321418820.0,56115.7184261955,summer,1.63,3.25,2.13,2.88,2.63,6.63,2.75,3.13,55.0,1.13,4.5,30.625
1904-01-01,St Louis,Archery,Archery,"POLLOCK, Jessie",Women,Double National Round (60Y - 50Y),Bronze,United States,USA,321418820.0,56115.7184261955,summer,1.63,3.25,2.13,2.88,2.63,6.63,2.75,3.13,55.0,1.13,4.5,30.625
1904-01-01,St Louis,Archery,Archery,"HOWELL, Matilda Scott",Women,Double National Round (60Y - 50Y),Gold,United States,USA,321418820.0,56115.7184261955,summer,1.63,3.25,2.13,2.88,2.63,6.63,2.75,3.13,55.0,1.13,4.5,30.625
1904-01-01,St Louis,Archery,Archery,"COOKE, Emma C.",Women,Double National Round (60Y - 50Y),Silver,United States,USA,321418820.0,56115.7184261955,summer,1.63,3.25,2.13,2.88,2.63,6.63,2.75,3.13,55.0,1.13,4.5,30.625
1904-01-01,St Louis,Archery,Archery,"THOMPSON, William Henry",Men,Double York Round (100Y - 80Y - 60Y),Bronze,United States,USA,321418820.0,56115.7184261955,summer,1.63,3.25,2.13,2.88,2.63,6.63,2.75,3.13,55.0,1.13,4.5,30.625
1904-01-01,St Louis,Archery,Archery,"BRYANT, George Philipp",Men,Double York Round (100Y - 80Y - 60Y),Gold,United States,USA,321418820.0,56115.7184261955,summer,1.63,3.25,2.13,2.88,2.63,6.63,2.75,3.13,55.0,1.13,4.5,30.625
1904-01-01,St Louis,Archery,Archery,"WILLIAMS, Robert",Men,Double York Round (100Y - 80Y - 60Y),Silver,United States,USA,321418820.0,56115.7184261955,summer,1.63,3.25,2.13,2.88,2.63,6.63,2.75,3.13,55.0,1.13,4.5,30.625
1904-01-01,St Louis,Archery,Archery,"BRYANT, George Philipp",Men,Team Round 60Y,Bronze,United States,USA,321418820.0,56115.7184261955,summer,1.63,3.25,2.13,2.88,2.63,6.63,2.75,3.13,55.0,1.13,4.5,30.625
1904-01-01,St Louis,Archery,Archery,"BRYANT, Wallace",Men,Team Round 60Y,Bronze,United States,USA,321418820.0,56115.7184261955,summer,1.63,3.25,2.13,2.88,2.63,6.63,2.75,3.13,55.0,1.13,4.5,30.625
1904-01-01,St Louis,Archery,Archery,"DALLIN, Cyrus Edwin",Men,Team Round 60Y,Bronze,United States,USA,321418820.0,56115.7184261955,summer,1.63,3.25,2.13,2.88,2.63,6.63,2.75,3.13,55.0,1.13,4.5,30.625
1904-01-01,St Louis,Archery,Archery,"RICHARDSON, Henry Barber",Men,Team Round 60Y,Bronze,United States,USA,321418820.0,56115.7184261955,summer,1.63,3.25,2.13,2.88,2.63,6.63,2.75,3.13,55.0,1.13,4.5,30.625
1904-01-01,St Louis,Archery,Archery,"MAXSON, Louis W.",Men,Team Round 60Y,Gold,United States,USA,321418820.0,56115.7184261955,summer,1.63,3.25,2.13,2.88,2.63,6.63,2.75,3.13,55.0,1.13,4.5,30.625
1904-01-01,St Louis,Archery,Archery,"SPENCER, Galen Carter",Men,Team Round 60Y,Gold,United States,USA,321418820.0,56115.7184261955,summer,1.63,3.25,2.13,2.88,2.63,6.63,2.75,3.13,55.0,1.13,4.5,30.625
1904-01-01,St Louis,Archery,Archery,"THOMPSON, William Henry",Men,Team Round 60Y,Gold,United States,USA,321418820.0,56115.7184261955,summer,1.63,3.25,2.13,2.88,2.63,6.63,2.75,3.13,55.0,1.13,4.5,30.625
1904-01-01,St Louis,Archery,Archery,"WILLIAMS, Robert",Men,Team Round 60Y,Gold,United States,USA,321418820.0,56115.7184261955,summer,1.63,3.25,2.13,2.88,2.63,6.63,2.75,3.13,55.0,1.13,4.5,30.625
1904-01-01,St Louis,Archery,Archery,"CLARK, William A.",Men,Team Round 60Y,Silver,United States,USA,321418820.0,56115.7184261955,summer,1.63,3.25,2.13,2.88,2.63,6.63,2.75,3.13,55.0,1.13,4.5,30.625
1904-01-01,St Louis,Archery,Archery,"DUVALL, Samuel Harding",Men,Team Round 60Y,Silver,United States,USA,321418820.0,56115.7184261955,summer,1.63,3.25,2.13,2.88,2.63,6.63,2.75,3.13,55.0,1.13,4.5,30.625
1904-01-01,St Louis,Archery,Archery,"HUBBARD, Charles R.",Men,Team Round 60Y,Silver,United States,USA,321418820.0,56115.7184261955,summer,1.63,3.25,2.13,2.88,2.63,6.63,2.75,3.13,55.0,1.13,4.5,30.625
1904-01-01,St Louis,Archery,Archery,"WOODRUFF, Charles S.",Men,Team Round 60Y,Silver,United States,USA,321418820.0,56115.7184261955,summer,1.63,3.25,2.13,2.88,2.63,6.63,2.75,3.13,55.0,1.13,4.5,30.625
1904-01-01,St Louis,Archery,Archery,"HOWELL, Matilda Scott",Women,Teams Fita Round,Gold,United States,USA,321418820.0,56115.7184261955,summer,1.63,3.25,2.13,2.88,2.63,6.63,2.75,3.13,55.0,1.13,4.5,30.625
1904-01-01,St Louis,Archery,Archery,"POLLOCK, Jessie",Women,Teams Fita Round,Gold,United States,USA,321418820.0,56115.7184261955,summer,1.63,3.25,2.13,2.88,2.63,6.63,2.75,3.13,55.0,1.13,4.5,30.625
1904-01-01,St Louis,Archery,Archery,"TAYLOR, Louise",Women,Teams Fita Round,Gold,United States,USA,321418820.0,56115.7184261955,summer,1.63,3.25,2.13,2.88,2.63,6.63,2.75,3.13,55.0,1.13,4.5,30.625
1904-01-01,St Louis,Archery,Archery,"WOODRUFF, Laura",Women,Teams Fita Round,Gold,United States,USA,321418820.0,56115.7184261955,summer,1.63,3.25,2.13,2.88,2.63,6.63,2.75,3.13,55.0,1.13,4.5,30.625
1904-01-01,St Louis,Archery,Archery,"COOKE, Emma C.",Women,Teams Fita Round,Silver,United States,USA,321418820.0,56115.7184261955,summer,1.63,3.25,2.13,2.88,2.63,6.63,2.75,3.13,55.0,1.13,4.5,30.625
1904-01-01,St Louis,Archery,Archery,"TAYLOR, Mabel",Women,Teams Fita Round,Silver,United States,USA,321418820.0,56115.7184261955,summer,1.63,3.25,2.13,2.88,2.63,6.63,2.75,3.13,55.0,1.13,4.5,30.625
1904-01-01,St Louis,Boxing,Boxing,"FINNEGAN, George",Men,- 47.63KG (Flyweight),Gold,United States,USA,321418820.0,56115.7184261955,summer,6.25,5.63,8.5,8.6300000000000008,4.38,7.0,8.88,8.63,1.0,6.38,8.13,72.375
1904-01-01,St Louis,Boxing,Boxing,"BURKE, Miles",Men,- 47.63KG (Flyweight),Silver,United States,USA,321418820.0,56115.7184261955,summer,6.25,5.63,8.5,8.6300000000000008,4.38,7.0,8.88,8.63,1.0,6.38,8.13,72.375
1904-01-01,St Louis,Boxing,Boxing,"MICHAELS, William",Men,+ 71.67KG (Heavyweight),Bronze,United States,USA,321418820.0,56115.7184261955,summer,6.25,5.63,8.5,8.6300000000000008,4.38,7.0,8.88,8.63,1.0,6.38,8.13,72.375
1904-01-01,St Louis,Boxing,Boxing,"BERGER, Samuel",Men,+ 71.67KG (Heavyweight),Gold,United States,USA,321418820.0,56115.7184261955,summer,6.25,5.63,8.5,8.6300000000000008,4.38,7.0,8.88,8.63,1.0,6.38,8.13,72.375
1904-01-01,St Louis,Boxing,Boxing,"MAYER, Charles",Men,+ 71.67KG (Heavyweight),Silver,United States,USA,321418820.0,56115.7184261955,summer,6.25,5.63,8.5,8.6300000000000008,4.38,7.0,8.88,8.63,1.0,6.38,8.13,72.375
1904-01-01,St Louis,Boxing,Boxing,"KIRK, Oliver L.",Men,47.63 - 52.16KG (Bantamweight),Gold,United States,USA,321418820.0,56115.7184261955,summer,6.25,5.63,8.5,8.6300000000000008,4.38,7.0,8.88,8.63,1.0,6.38,8.13,72.375
1904-01-01,St Louis,Boxing,Boxing,"FINNEGAN, George",Men,47.63 - 52.16KG (Bantamweight),Silver,United States,USA,321418820.0,56115.7184261955,summer,6.25,5.63,8.5,8.6300000000000008,4.38,7.0,8.88,8.63,1.0,6.38,8.13,72.375
1904-01-01,St Louis,Boxing,Boxing,"GILMORE, Frederick",Men,52.16 - 56.7KG (Featherweight),Bronze,United States,USA,321418820.0,56115.7184261955,summer,6.25,5.63,8.5,8.6300000000000008,4.38,7.0,8.88,8.63,1.0,6.38,8.13,72.375
1904-01-01,St Louis,Boxing,Boxing,"KIRK, Oliver L.",Men,52.16 - 56.7KG (Featherweight),Gold,United States,USA,321418820.0,56115.7184261955,summer,6.25,5.63,8.5,8.6300000000000008,4.38,7.0,8.88,8.63,1.0,6.38,8.13,72.375
1904-01-01,St Louis,Boxing,Boxing,"HALLER, Frank",Men,52.16 - 56.7KG (Featherweight),Silver,United States,USA,321418820.0,56115.7184261955,summer,6.25,5.63,8.5,8.6300000000000008,4.38,7.0,8.88,8.63,1.0,6.38,8.13,72.375
1904-01-01,St Louis,Boxing,Boxing,"VAN HORN, Russell",Men,56.7 - 61.24KG (Lightweight),Bronze,United States,USA,321418820.0,56115.7184261955,summer,6.25,5.63,8.5,8.6300000000000008,4.38,7.0,8.88,8.63,1.0,6.38,8.13,72.375
1904-01-01,St Louis,Boxing,Boxing,"SPANGER, Harry J.",Men,56.7 - 61.24KG (Lightweight),Gold,United States,USA,321418820.0,56115.7184261955,summer,6.25,5.63,8.5,8.6300000000000008,4.38,7.0,8.88,8.63,1.0,6.38,8.13,72.375
1904-01-01,St Louis,Boxing,Boxing,"EAGAN, James Jack",Men,56.7 - 61.24KG (Lightweight),Silver,United States,USA,321418820.0,56115.7184261955,summer,6.25,5.63,8.5,8.6300000000000008,4.38,7.0,8.88,8.63,1.0,6.38,8.13,72.375
1904-01-01,St Louis,Boxing,Boxing,"EAGAN, James Jack",Men,61.24 - 65.77KG (Welterweight),Bronze,United States,USA,321418820.0,56115.7184261955,summer,6.25,5.63,8.5,8.6300000000000008,4.38,7.0,8.88,8.63,1.0,6.38,8.13,72.375
1904-01-01,St Louis,Boxing,Boxing,"LYDON, Joseph",Men,61.24 - 65.77KG (Welterweight),Bronze,United States,USA,321418820.0,56115.7184261955,summer,6.25,5.63,8.5,8.6300000000000008,4.38,7.0,8.88,8.63,1.0,6.38,8.13,72.375
1904-01-01,St Louis,Boxing,Boxing,"YOUNG, Albert",Men,61.24 - 65.77KG (Welterweight),Gold,United States,USA,321418820.0,56115.7184261955,summer,6.25,5.63,8.5,8.6300000000000008,4.38,7.0,8.88,8.63,1.0,6.38,8.13,72.375
1904-01-01,St Louis,Boxing,Boxing,"SPANGER, Harry J.",Men,61.24 - 65.77KG (Welterweight),Silver,United States,USA,321418820.0,56115.7184261955,summer,6.25,5.63,8.5,8.6300000000000008,4.38,7.0,8.88,8.63,1.0,6.38,8.13,72.375
1904-01-01,St Louis,Boxing,Boxing,"MAYER, Charles",Men,65.77 - 71.67KG (Middleweight),Gold,United States,USA,321418820.0,56115.7184261955,summer,6.25,5.63,8.5,8.6300000000000008,4.38,7.0,8.88,8.63,1.0,6.38,8.13,72.375
1904-01-01,St Louis,Boxing,Boxing,"SPRADLEY, Benjamin",Men,65.77 - 71.67KG (Middleweight),Silver,United States,USA,321418820.0,56115.7184261955,summer,6.25,5.63,8.5,8.6300000000000008,4.38,7.0,8.88,8.63,1.0,6.38,8.13,72.375
1904-01-01,St Louis,Cycling,Cycling Track,"BILLINGTON, Edward",Men,1 Mile (1609.3M),Bronze,United States,USA,321418820.0,56115.7184261955,summer,4.0,4.5,4.5,4.25,2.88,3.63,4.75,7.88,27.0,7.5,6.13,50.0
1904-01-01,St Louis,Cycling,Cycling Track,"HURLEY, Marcus",Men,1 Mile (1609.3M),Gold,United States,USA,321418820.0,56115.7184261955,summer,4.0,4.5,4.5,4.25,2.88,3.63,4.75,7.88,27.0,7.5,6.13,50.0
1904-01-01,St Louis,Cycling,Cycling Track,"DOWNING, Burton",Men,1 Mile (1609.3M),Silver,United States,USA,321418820.0,56115.7184261955,summer,4.0,4.5,4.5,4.25,2.88,3.63,4.75,7.88,27.0,7.5,6.13,50.0
1904-01-01,St Louis,Cycling,Cycling Track,"DOWNING, Burton",Men,1/2 Mile (804.7M),Bronze,United States,USA,321418820.0,56115.7184261955,summer,4.0,4.5,4.5,4.25,2.88,3.63,4.75,7.88,27.0,7.5,6.13,50.0
1904-01-01,St Louis,Cycling,Cycling Track,"HURLEY, Marcus",Men,1/2 Mile (804.7M),Gold,United States,USA,321418820.0,56115.7184261955,summer,4.0,4.5,4.5,4.25,2.88,3.63,4.75,7.88,27.0,7.5,6.13,50.0
1904-01-01,St Louis,Cycling,Cycling Track,"BILLINGTON, Edward",Men,1/2 Mile (804.7M),Silver,United States,USA,321418820.0,56115.7184261955,summer,4.0,4.5,4.5,4.25,2.88,3.63,4.75,7.88,27.0,7.5,6.13,50.0
1904-01-01,St Louis,Cycling,Cycling Track,"BILLINGTON, Edward",Men,1/3 Mile (536.5M),Bronze,United States,USA,321418820.0,56115.7184261955,summer,4.0,4.5,4.5,4.25,2.88,3.63,4.75,7.88,27.0,7.5,6.13,50.0
1904-01-01,St Louis,Cycling,Cycling Track,"HURLEY, Marcus",Men,1/3 Mile (536.5M),Gold,United States,USA,321418820.0,56115.7184261955,summer,4.0,4.5,4.5,4.25,2.88,3.63,4.75,7.88,27.0,7.5,6.13,50.0
1904-01-01,St Louis,Cycling,Cycling Track,"DOWNING, Burton",Men,1/3 Mile (536.5M),Silver,United States,USA,321418820.0,56115.7184261955,summer,4.0,4.5,4.5,4.25,2.88,3.63,4.75,7.88,27.0,7.5,6.13,50.0
1904-01-01,St Louis,Cycling,Cycling Track,"BILLINGTON, Edward",Men,1/4 Mile (402.3M),Bronze,United States,USA,321418820.0,56115.7184261955,summer,4.0,4.5,4.5,4.25,2.88,3.63,4.75,7.88,27.0,7.5,6.13,50.0
1904-01-01,St Louis,Cycling,Cycling Track,"HURLEY, Marcus",Men,1/4 Mile (402.3M),Gold,United States,USA,321418820.0,56115.7184261955,summer,4.0,4.5,4.5,4.25,2.88,3.63,4.75,7.88,27.0,7.5,6.13,50.0
1904-01-01,St Louis,Cycling,Cycling Track,"DOWNING, Burton",Men,1/4 Mile (402.3M),Silver,United States,USA,321418820.0,56115.7184261955,summer,4.0,4.5,4.5,4.25,2.88,3.63,4.75,7.88,27.0,7.5,6.13,50.0
1904-01-01,St Louis,Cycling,Cycling Track,"HURLEY, Marcus",Men,2 Miles (3.218KM),Bronze,United States,USA,321418820.0,56115.7184261955,summer,4.0,4.5,4.5,4.25,2.88,3.63,4.75,7.88,27.0,7.5,6.13,50.0
1904-01-01,St Louis,Cycling,Cycling Track,"DOWNING, Burton",Men,2 Miles (3.218KM),Gold,United States,USA,321418820.0,56115.7184261955,summer,4.0,4.5,4.5,4.25,2.88,3.63,4.75,7.88,27.0,7.5,6.13,50.0
1904-01-01,St Louis,Cycling,Cycling Track,"GOERKE, Oscar",Men,2 Miles (3.218KM),Silver,United States,USA,321418820.0,56115.7184261955,summer,4.0,4.5,4.5,4.25,2.88,3.63,4.75,7.88,27.0,7.5,6.13,50.0
1904-01-01,St Louis,Cycling,Cycling Track,"WILEY, George",Men,25 Miles (40.232KM),Bronze,United States,USA,321418820.0,56115.7184261955,summer,4.0,4.5,4.5,4.25,2.88,3.63,4.75,7.88,27.0,7.5,6.13,50.0
1904-01-01,St Louis,Cycling,Cycling Track,"DOWNING, Burton",Men,25 Miles (40.232KM),Gold,United States,USA,321418820.0,56115.7184261955,summer,4.0,4.5,4.5,4.25,2.88,3.63,4.75,7.88,27.0,7.5,6.13,50.0
1904-01-01,St Louis,Cycling,Cycling Track,"ANDREWS, Arthur F.",Men,25 Miles (40.232KM),Silver,United States,USA,321418820.0,56115.7184261955,summer,4.0,4.5,4.5,4.25,2.88,3.63,4.75,7.88,27.0,7.5,6.13,50.0
1904-01-01,St Louis,Cycling,Cycling Track,"ANDREWS, Arthur F.",Men,5 Miles (8.046KM),Bronze,United States,USA,321418820.0,56115.7184261955,summer,4.0,4.5,4.5,4.25,2.88,3.63,4.75,7.88,27.0,7.5,6.13,50.0
1904-01-01,St Louis,Cycling,Cycling Track,"SCHLEE, Charles",Men,5 Miles (8.046KM),Gold,United States,USA,321418820.0,56115.7184261955,summer,4.0,4.5,4.5,4.25,2.88,3.63,4.75,7.88,27.0,7.5,6.13,50.0
1904-01-01,St Louis,Cycling,Cycling Track,"WILEY, George",Men,5 Miles (8.046KM),Silver,United States,USA,321418820.0,56115.7184261955,summer,4.0,4.5,4.5,4.25,2.88,3.63,4.75,7.88,27.0,7.5,6.13,50.0
1904-01-01,St Louis,Fencing,Fencing,"FOX, Arthur",Men,Foil Team,Silver,United States,USA,321418820.0,56115.7184261955,summer,6.13,6.88,4.25,4.63,5.63,7.25,4.88,4.25,24.0,5.13,3.75,52.75
1904-01-01,St Louis,Fencing,Fencing,"TATHAM, Charles",Men,Foil Team,Silver,United States,USA,321418820.0,56115.7184261955,summer,6.13,6.88,4.25,4.63,5.63,7.25,4.88,4.25,24.0,5.13,3.75,52.75
1904-01-01,St Louis,Fencing,Fencing,"TOWNSEND, Charles Fitzhugh",Men,Foil Team,Silver,United States,USA,321418820.0,56115.7184261955,summer,6.13,6.88,4.25,4.63,5.63,7.25,4.88,4.25,24.0,5.13,3.75,52.75
1904-01-01,St Louis,Fencing,Fencing,"GREBE, William",Men,Sabre Individual,Silver,United States,USA,321418820.0,56115.7184261955,summer,6.13,6.88,4.25,4.63,5.63,7.25,4.88,4.25,24.0,5.13,3.75,52.75
1904-01-01,St Louis,Fencing,Fencing,"GREBE, William",Men,"Stick, Single",Bronze,United States,USA,321418820.0,56115.7184261955,summer,6.13,6.88,4.25,4.63,5.63,7.25,4.88,4.25,24.0,5.13,3.75,52.75
1904-01-01,St Louis,Fencing,Fencing,"O'CONNOR, William Scott",Men,"Stick, Single",Silver,United States,USA,321418820.0,56115.7184261955,summer,6.13,6.88,4.25,4.63,5.63,7.25,4.88,4.25,24.0,5.13,3.75,52.75
1904-01-01,St Louis,Football,Football,"BRADY, Joseph J.",Men,Football,Bronze,United States,USA,321418820.0,56115.7184261955,summer,8.25,7.5,6.25,7.75,4.75,6.5,3.63,5.13,10.0,7.25,4.5,61.5
1904-01-01,St Louis,Football,Football,"COOKE, George Edwin",Men,Football,Bronze,United States,USA,321418820.0,56115.7184261955,summer,8.25,7.5,6.25,7.75,4.75,6.5,3.63,5.13,10.0,7.25,4.5,61.5
1904-01-01,St Louis,Football,Football,"COOKE, Thomas J.",Men,Football,Bronze,United States,USA,321418820.0,56115.7184261955,summer,8.25,7.5,6.25,7.75,4.75,6.5,3.63,5.13,10.0,7.25,4.5,61.5
1904-01-01,St Louis,Football,Football,"COSTGROVE, Cormic F.",Men,Football,Bronze,United States,USA,321418820.0,56115.7184261955,summer,8.25,7.5,6.25,7.75,4.75,6.5,3.63,5.13,10.0,7.25,4.5,61.5
1904-01-01,St Louis,Football,Football,DIERKES,Men,Football,Bronze,United States,USA,321418820.0,56115.7184261955,summer,8.25,7.5,6.25,7.75,4.75,6.5,3.63,5.13,10.0,7.25,4.5,61.5
1904-01-01,St Louis,Football,Football,"DOOLING, Martin T.",Men,Football,Bronze,United States,USA,321418820.0,56115.7184261955,summer,8.25,7.5,6.25,7.75,4.75,6.5,3.63,5.13,10.0,7.25,4.5,61.5
1904-01-01,St Louis,Football,Football,"FROST, Frank",Men,Football,Bronze,United States,USA,321418820.0,56115.7184261955,summer,8.25,7.5,6.25,7.75,4.75,6.5,3.63,5.13,10.0,7.25,4.5,61.5
1904-01-01,St Louis,Football,Football,"JAMESON, Claude Stanley",Men,Football,Bronze,United States,USA,321418820.0,56115.7184261955,summer,8.25,7.5,6.25,7.75,4.75,6.5,3.63,5.13,10.0,7.25,4.5,61.5
1904-01-01,St Louis,Football,Football,"JAMESON, Henry Wood",Men,Football,Bronze,United States,USA,321418820.0,56115.7184261955,summer,8.25,7.5,6.25,7.75,4.75,6.5,3.63,5.13,10.0,7.25,4.5,61.5
1904-01-01,St Louis,Football,Football,"JOHNSON, -",Men,Football,Bronze,United States,USA,321418820.0,56115.7184261955,summer,8.25,7.5,6.25,7.75,4.75,6.5,3.63,5.13,10.0,7.25,4.5,61.5
1904-01-01,St Louis,Football,Football,O'CONNELL,Men,Football,Bronze,United States,USA,321418820.0,56115.7184261955,summer,8.25,7.5,6.25,7.75,4.75,6.5,3.63,5.13,10.0,7.25,4.5,61.5
1904-01-01,St Louis,Football,Football,"TATE, Harry",Men,Football,Bronze,United States,USA,321418820.0,56115.7184261955,summer,8.25,7.5,6.25,7.75,4.75,6.5,3.63,5.13,10.0,7.25,4.5,61.5
1904-01-01,St Louis,Football,Football,"BARTLIFF, Charles Albert",Men,Football,Gold,United States,USA,321418820.0,56115.7184261955,summer,8.25,7.5,6.25,7.75,4.75,6.5,3.63,5.13,10.0,7.25,4.5,61.5
1904-01-01,St Louis,Football,Football,"BRADY, Joseph J.",Men,Football,Gold,United States,USA,321418820.0,56115.7184261955,summer,8.25,7.5,6.25,7.75,4.75,6.5,3.63,5.13,10.0,7.25,4.5,61.5
1904-01-01,St Louis,Football,Football,"BRITTINGHAM, Warren G.",Men,Football,Gold,United States,USA,321418820.0,56115.7184261955,summer,8.25,7.5,6.25,7.75,4.75,6.5,3.63,5.13,10.0,7.25,4.5,61.5
1904-01-01,St Louis,Football,Football,"BROCKMEYER, Oscar B.",Men,Football,Gold,United States,USA,321418820.0,56115.7184261955,summer,8.25,7.5,6.25,7.75,4.75,6.5,3.63,5.13,10.0,7.25,4.5,61.5
1904-01-01,St Louis,Football,Football,"COOKE, George Edwin",Men,Football,Gold,United States,USA,321418820.0,56115.7184261955,summer,8.25,7.5,6.25,7.75,4.75,6.5,3.63,5.13,10.0,7.25,4.5,61.5
1904-01-01,St Louis,Football,Football,"COOKE, Thomas J.",Men,Football,Gold,United States,USA,321418820.0,56115.7184261955,summer,8.25,7.5,6.25,7.75,4.75,6.5,3.63,5.13,10.0,7.25,4.5,61.5
1904-01-01,St Louis,Football,Football,"COSTGROVE, Cormic F.",Men,Football,Gold,United States,USA,321418820.0,56115.7184261955,summer,8.25,7.5,6.25,7.75,4.75,6.5,3.63,5.13,10.0,7.25,4.5,61.5
1904-01-01,St Louis,Football,Football,"CUDMORE, Alexander",Men,Football,Gold,United States,USA,321418820.0,56115.7184261955,summer,8.25,7.5,6.25,7.75,4.75,6.5,3.63,5.13,10.0,7.25,4.5,61.5
1904-01-01,St Louis,Football,Football,DIERKES,Men,Football,Gold,United States,USA,321418820.0,56115.7184261955,summer,8.25,7.5,6.25,7.75,4.75,6.5,3.63,5.13,10.0,7.25,4.5,61.5
1904-01-01,St Louis,Football,Football,"DOOLING, Martin T.",Men,Football,Gold,United States,USA,321418820.0,56115.7184261955,summer,8.25,7.5,6.25,7.75,4.75,6.5,3.63,5.13,10.0,7.25,4.5,61.5
1904-01-01,St Louis,Football,Football,"DUCKER, George",Men,Football,Gold,Canada,CAN,35851774.0,43248.529909341,summer,8.25,7.5,6.25,7.75,4.75,6.5,3.63,5.13,10.0,7.25,4.5,61.5
1904-01-01,St Louis,Football,Football,"FRASER, John Alexander",Men,Football,Gold,Canada,CAN,35851774.0,43248.529909341,summer,8.25,7.5,6.25,7.75,4.75,6.5,3.63,5.13,10.0,7.25,4.5,61.5
1904-01-01,St Louis,Football,Football,"FROST, Frank",Men,Football,Gold,United States,USA,321418820.0,56115.7184261955,summer,8.25,7.5,6.25,7.75,4.75,6.5,3.63,5.13,10.0,7.25,4.5,61.5
1904-01-01,St Louis,Football,Football,"GOURLEY, John",Men,Football,Gold,Canada,CAN,35851774.0,43248.529909341,summer,8.25,7.5,6.25,7.75,4.75,6.5,3.63,5.13,10.0,7.25,4.5,61.5
1904-01-01,St Louis,Football,Football,"HALL, Alexander",Men,Football,Gold,Canada,CAN,35851774.0,43248.529909341,summer,8.25,7.5,6.25,7.75,4.75,6.5,3.63,5.13,10.0,7.25,4.5,61.5
1904-01-01,St Louis,Football,Football,"JAMESON, Claude Stanley",Men,Football,Gold,United States,USA,321418820.0,56115.7184261955,summer,8.25,7.5,6.25,7.75,4.75,6.5,3.63,5.13,10.0,7.25,4.5,61.5
1904-01-01,St Louis,Football,Football,"JAMESON, Henry Wood",Men,Football,Gold,United States,USA,321418820.0,56115.7184261955,summer,8.25,7.5,6.25,7.75,4.75,6.5,3.63,5.13,10.0,7.25,4.5,61.5
1904-01-01,St Louis,Football,Football,"JANUARY, Charles James",Men,Football,Gold,United States,USA,321418820.0,56115.7184261955,summer,8.25,7.5,6.25,7.75,4.75,6.5,3.63,5.13,10.0,7.25,4.5,61.5
1904-01-01,St Louis,Football,Football,"JANUARY, John Hartnett",Men,Football,Gold,United States,USA,321418820.0,56115.7184261955,summer,8.25,7.5,6.25,7.75,4.75,6.5,3.63,5.13,10.0,7.25,4.5,61.5
1904-01-01,St Louis,Football,Football,"JANUARY, Thomas Thurston",Men,Football,Gold,United States,USA,321418820.0,56115.7184261955,summer,8.25,7.5,6.25,7.75,4.75,6.5,3.63,5.13,10.0,7.25,4.5,61.5
1904-01-01,St Louis,Football,Football,"JOHNSON, -",Men,Football,Gold,United States,USA,321418820.0,56115.7184261955,summer,8.25,7.5,6.25,7.75,4.75,6.5,3.63,5.13,10.0,7.25,4.5,61.5
1904-01-01,St Louis,Football,Football,"JOHNSON, Albert",Men,Football,Gold,Canada,CAN,35851774.0,43248.529909341,summer,8.25,7.5,6.25,7.75,4.75,6.5,3.63,5.13,10.0,7.25,4.5,61.5
1904-01-01,St Louis,Football,Football,"LANE, Robert",Men,Football,Gold,Canada,CAN,35851774.0,43248.529909341,summer,8.25,7.5,6.25,7.75,4.75,6.5,3.63,5.13,10.0,7.25,4.5,61.5
1904-01-01,St Louis,Football,Football,"LAWLER, Raymond E.",Men,Football,Gold,United States,USA,321418820.0,56115.7184261955,summer,8.25,7.5,6.25,7.75,4.75,6.5,3.63,5.13,10.0,7.25,4.5,61.5
1904-01-01,St Louis,Football,Football,"LINTON, Ernest",Men,Football,Gold,Canada,CAN,35851774.0,43248.529909341,summer,8.25,7.5,6.25,7.75,4.75,6.5,3.63,5.13,10.0,7.25,4.5,61.5
1904-01-01,St Louis,Football,Football,"LYDON, Joseph",Men,Football,Gold,United States,USA,321418820.0,56115.7184261955,summer,8.25,7.5,6.25,7.75,4.75,6.5,3.63,5.13,10.0,7.25,4.5,61.5
1904-01-01,St Louis,Football,Football,"MACDONALD, Gordon",Men,Football,Gold,Canada,CAN,35851774.0,43248.529909341,summer,8.25,7.5,6.25,7.75,4.75,6.5,3.63,5.13,10.0,7.25,4.5,61.5
1904-01-01,St Louis,Football,Football,"MENGES, Louis John",Men,Football,Gold,United States,USA,321418820.0,56115.7184261955,summer,8.25,7.5,6.25,7.75,4.75,6.5,3.63,5.13,10.0,7.25,4.5,61.5
1904-01-01,St Louis,Football,Football,O'CONNELL,Men,Football,Gold,United States,USA,321418820.0,56115.7184261955,summer,8.25,7.5,6.25,7.75,4.75,6.5,3.63,5.13,10.0,7.25,4.5,61.5
1904-01-01,St Louis,Football,Football,"RATICAN, Peter Joseph",Men,Football,Gold,United States,USA,321418820.0,56115.7184261955,summer,8.25,7.5,6.25,7.75,4.75,6.5,3.63,5.13,10.0,7.25,4.5,61.5
1904-01-01,St Louis,Football,Football,"STEEP, Frederick",Men,Football,Gold,Canada,CAN,35851774.0,43248.529909341,summer,8.25,7.5,6.25,7.75,4.75,6.5,3.63,5.13,10.0,7.25,4.5,61.5
1904-01-01,St Louis,Football,Football,"TATE, Harry",Men,Football,Gold,United States,USA,321418820.0,56115.7184261955,summer,8.25,7.5,6.25,7.75,4.75,6.5,3.63,5.13,10.0,7.25,4.5,61.5
1904-01-01,St Louis,Football,Football,"TAYLOR, Thomas",Men,Football,Gold,Canada,CAN,35851774.0,43248.529909341,summer,8.25,7.5,6.25,7.75,4.75,6.5,3.63,5.13,10.0,7.25,4.5,61.5
1904-01-01,St Louis,Football,Football,"TWAITS, William",Men,Football,Gold,Canada,CAN,35851774.0,43248.529909341,summer,8.25,7.5,6.25,7.75,4.75,6.5,3.63,5.13,10.0,7.25,4.5,61.5
1904-01-01,St Louis,Football,Football,"BARTLIFF, Charles Albert",Men,Football,Silver,United States,USA,321418820.0,56115.7184261955,summer,8.25,7.5,6.25,7.75,4.75,6.5,3.63,5.13,10.0,7.25,4.5,61.5
1904-01-01,St Louis,Football,Football,"BRITTINGHAM, Warren G.",Men,Football,Silver,United States,USA,321418820.0,56115.7184261955,summer,8.25,7.5,6.25,7.75,4.75,6.5,3.63,5.13,10.0,7.25,4.5,61.5
1904-01-01,St Louis,Football,Football,"BROCKMEYER, Oscar B.",Men,Football,Silver,United States,USA,321418820.0,56115.7184261955,summer,8.25,7.5,6.25,7.75,4.75,6.5,3.63,5.13,10.0,7.25,4.5,61.5
1904-01-01,St Louis,Football,Football,"CUDMORE, Alexander",Men,Football,Silver,United States,USA,321418820.0,56115.7184261955,summer,8.25,7.5,6.25,7.75,4.75,6.5,3.63,5.13,10.0,7.25,4.5,61.5
1904-01-01,St Louis,Football,Football,"JANUARY, Charles James",Men,Football,Silver,United States,USA,321418820.0,56115.7184261955,summer,8.25,7.5,6.25,7.75,4.75,6.5,3.63,5.13,10.0,7.25,4.5,61.5
1904-01-01,St Louis,Football,Football,"JANUARY, John Hartnett",Men,Football,Silver,United States,USA,321418820.0,56115.7184261955,summer,8.25,7.5,6.25,7.75,4.75,6.5,3.63,5.13,10.0,7.25,4.5,61.5
1904-01-01,St Louis,Football,Football,"JANUARY, Thomas Thurston",Men,Football,Silver,United States,USA,321418820.0,56115.7184261955,summer,8.25,7.5,6.25,7.75,4.75,6.5,3.63,5.13,10.0,7.25,4.5,61.5
1904-01-01,St Louis,Football,Football,"LAWLER, Raymond E.",Men,Football,Silver,United States,USA,321418820.0,56115.7184261955,summer,8.25,7.5,6.25,7.75,4.75,6.5,3.63,5.13,10.0,7.25,4.5,61.5
1904-01-01,St Louis,Football,Football,"LYDON, Joseph",Men,Football,Silver,United States,USA,321418820.0,56115.7184261955,summer,8.25,7.5,6.25,7.75,4.75,6.5,3.63,5.13,10.0,7.25,4.5,61.5
1904-01-01,St Louis,Football,Football,"MENGES, Louis John",Men,Football,Silver,United States,USA,321418820.0,56115.7184261955,summer,8.25,7.5,6.25,7.75,4.75,6.5,3.63,5.13,10.0,7.25,4.5,61.5
1904-01-01,St Louis,Football,Football,"RATICAN, Peter Joseph",Men,Football,Silver,United States,USA,321418820.0,56115.7184261955,summer,8.25,7.5,6.25,7.75,4.75,6.5,3.63,5.13,10.0,7.25,4.5,61.5
1904-01-01,St Louis,Golf,Golf,"MCKINNIE, Burt P.",Men,Individual,Bronze,United States,USA,321418820.0,56115.7184261955,summer,1.75,6.38,2.38,3.25,4.0,6.0,2.5,6.13,51.0,1.63,3.88,37.875
1904-01-01,St Louis,Golf,Golf,"NEWTON, Francis Clement",Men,Individual,Bronze,United States,USA,321418820.0,56115.7184261955,summer,1.75,6.38,2.38,3.25,4.0,6.0,2.5,6.13,51.0,1.63,3.88,37.875
1904-01-01,St Louis,Golf,Golf,"LYON, George Seymour",Men,Individual,Gold,Canada,CAN,35851774.0,43248.529909341,summer,1.75,6.38,2.38,3.25,4.0,6.0,2.5,6.13,51.0,1.63,3.88,37.875
1904-01-01,St Louis,Golf,Golf,"EGAN, Henri Chandler",Men,Individual,Silver,United States,USA,321418820.0,56115.7184261955,summer,1.75,6.38,2.38,3.25,4.0,6.0,2.5,6.13,51.0,1.63,3.88,37.875
1904-01-01,St Louis,Golf,Golf,"CUMMINS, Edward M.",Men,Team,Gold,United States,USA,321418820.0,56115.7184261955,summer,1.75,6.38,2.38,3.25,4.0,6.0,2.5,6.13,51.0,1.63,3.88,37.875
1904-01-01,St Louis,Golf,Golf,"EDWARDS, Kenneth Paine",Men,Team,Gold,United States,USA,321418820.0,56115.7184261955,summer,1.75,6.38,2.38,3.25,4.0,6.0,2.5,6.13,51.0,1.63,3.88,37.875
1904-01-01,St Louis,Golf,Golf,"EGAN, Henri Chandler",Men,Team,Gold,United States,USA,321418820.0,56115.7184261955,summer,1.75,6.38,2.38,3.25,4.0,6.0,2.5,6.13,51.0,1.63,3.88,37.875
1904-01-01,St Louis,Golf,Golf,"EGAN, Walter Eugene",Men,Team,Gold,United States,USA,321418820.0,56115.7184261955,summer,1.75,6.38,2.38,3.25,4.0,6.0,2.5,6.13,51.0,1.63,3.88,37.875
1904-01-01,St Louis,Golf,Golf,"HUNTER, Robert Edward",Men,Team,Gold,United States,USA,321418820.0,56115.7184261955,summer,1.75,6.38,2.38,3.25,4.0,6.0,2.5,6.13,51.0,1.63,3.88,37.875
1904-01-01,St Louis,Golf,Golf,"MOORE, Nathaniel Fish",Men,Team,Gold,United States,USA,321418820.0,56115.7184261955,summer,1.75,6.38,2.38,3.25,4.0,6.0,2.5,6.13,51.0,1.63,3.88,37.875
1904-01-01,St Louis,Golf,Golf,"PHELPS, Mason Elliot",Men,Team,Gold,United States,USA,321418820.0,56115.7184261955,summer,1.75,6.38,2.38,3.25,4.0,6.0,2.5,6.13,51.0,1.63,3.88,37.875
1904-01-01,St Louis,Golf,Golf,"SAWYER, Danieledward",Men,Team,Gold,United States,USA,321418820.0,56115.7184261955,summer,1.75,6.38,2.38,3.25,4.0,6.0,2.5,6.13,51.0,1.63,3.88,37.875
1904-01-01,St Louis,Golf,Golf,"SMOOT, Clement E.",Men,Team,Gold,United States,USA,321418820.0,56115.7184261955,summer,1.75,6.38,2.38,3.25,4.0,6.0,2.5,6.13,51.0,1.63,3.88,37.875
1904-01-01,St Louis,Golf,Golf,"WOOD, Warren K.",Men,Team,Gold,United States,USA,321418820.0,56115.7184261955,summer,1.75,6.38,2.38,3.25,4.0,6.0,2.5,6.13,51.0,1.63,3.88,37.875
1904-01-01,St Louis,Golf,Golf,"CADY, John Deere",Men,Team,Silver,United States,USA,321418820.0,56115.7184261955,summer,1.75,6.38,2.38,3.25,4.0,6.0,2.5,6.13,51.0,1.63,3.88,37.875
1904-01-01,St Louis,Golf,Golf,"LAMBERT, Albert Bond",Men,Team,Silver,United States,USA,321418820.0,56115.7184261955,summer,1.75,6.38,2.38,3.25,4.0,6.0,2.5,6.13,51.0,1.63,3.88,37.875
1904-01-01,St Louis,Golf,Golf,"MAXWELL, John R.",Men,Team,Silver,United States,USA,321418820.0,56115.7184261955,summer,1.75,6.38,2.38,3.25,4.0,6.0,2.5,6.13,51.0,1.63,3.88,37.875
1904-01-01,St Louis,Golf,Golf,"MCKINNIE, Burt P.",Men,Team,Silver,United States,USA,321418820.0,56115.7184261955,summer,1.75,6.38,2.38,3.25,4.0,6.0,2.5,6.13,51.0,1.63,3.88,37.875
1904-01-01,St Louis,Golf,Golf,"MCKITTRICK, Ralph",Men,Team,Silver,United States,USA,321418820.0,56115.7184261955,summer,1.75,6.38,2.38,3.25,4.0,6.0,2.5,6.13,51.0,1.63,3.88,37.875
1904-01-01,St Louis,Golf,Golf,"NEWTON, Francis Clement",Men,Team,Silver,United States,USA,321418820.0,56115.7184261955,summer,1.75,6.38,2.38,3.25,4.0,6.0,2.5,6.13,51.0,1.63,3.88,37.875
1904-01-01,St Louis,Golf,Golf,"POTTER, Henry",Men,Team,Silver,United States,USA,321418820.0,56115.7184261955,summer,1.75,6.38,2.38,3.25,4.0,6.0,2.5,6.13,51.0,1.63,3.88,37.875
1904-01-01,St Louis,Golf,Golf,"SEMPLE, Frederick",Men,Team,Silver,United States,USA,321418820.0,56115.7184261955,summer,1.75,6.38,2.38,3.25,4.0,6.0,2.5,6.13,51.0,1.63,3.88,37.875
1904-01-01,St Louis,Golf,Golf,"STICKNEY, Arthur William",Men,Team,Silver,United States,USA,321418820.0,56115.7184261955,summer,1.75,6.38,2.38,3.25,4.0,6.0,2.5,6.13,51.0,1.63,3.88,37.875
1904-01-01,St Louis,Golf,Golf,"STICKNEY, Stuart Grosvenor",Men,Team,Silver,United States,USA,321418820.0,56115.7184261955,summer,1.75,6.38,2.38,3.25,4.0,6.0,2.5,6.13,51.0,1.63,3.88,37.875
1904-01-01,St Louis,Lacrosse,Lacrosse,"BLANCHARD, Elie",Men,Lacrosse,Gold,Canada,CAN,35851774.0,43248.529909341,summer,6.63,6.88,6.13,6.63,4.75,7.13,4.38,5.75,14.0,7.0,5.13,60.375
1904-01-01,St Louis,Lacrosse,Lacrosse,"BRENNAUGH, W.",Men,Lacrosse,Gold,Canada,CAN,35851774.0,43248.529909341,summer,6.63,6.88,6.13,6.63,4.75,7.13,4.38,5.75,14.0,7.0,5.13,60.375
1904-01-01,St Louis,Lacrosse,Lacrosse,"BRETZ, George",Men,Lacrosse,Gold,Canada,CAN,35851774.0,43248.529909341,summer,6.63,6.88,6.13,6.63,4.75,7.13,4.38,5.75,14.0,7.0,5.13,60.375
1904-01-01,St Louis,Lacrosse,Lacrosse,"BURNS, William Laurie",Men,Lacrosse,Gold,Canada,CAN,35851774.0,43248.529909341,summer,6.63,6.88,6.13,6.63,4.75,7.13,4.38,5.75,14.0,7.0,5.13,60.375
1904-01-01,St Louis,Lacrosse,Lacrosse,"CATTANACH, George",Men,Lacrosse,Gold,Canada,CAN,35851774.0,43248.529909341,summer,6.63,6.88,6.13,6.63,4.75,7.13,4.38,5.75,14.0,7.0,5.13,60.375
1904-01-01,St Louis,Lacrosse,Lacrosse,"CLOUTIER, George",Men,Lacrosse,Gold,Canada,CAN,35851774.0,43248.529909341,summer,6.63,6.88,6.13,6.63,4.75,7.13,4.38,5.75,14.0,7.0,5.13,60.375
1904-01-01,St Louis,Lacrosse,Lacrosse,"COWAN, Sandy",Men,Lacrosse,Gold,Canada,CAN,35851774.0,43248.529909341,summer,6.63,6.88,6.13,6.63,4.75,7.13,4.38,5.75,14.0,7.0,5.13,60.375
1904-01-01,St Louis,Lacrosse,Lacrosse,"FLETT, Jack",Men,Lacrosse,Gold,Canada,CAN,35851774.0,43248.529909341,summer,6.63,6.88,6.13,6.63,4.75,7.13,4.38,5.75,14.0,7.0,5.13,60.375
1904-01-01,St Louis,Lacrosse,Lacrosse,"JAMIESON, Benjamin",Men,Lacrosse,Gold,Canada,CAN,35851774.0,43248.529909341,summer,6.63,6.88,6.13,6.63,4.75,7.13,4.38,5.75,14.0,7.0,5.13,60.375
1904-01-01,St Louis,Lacrosse,Lacrosse,"LAIDLAW, Hilliard",Men,Lacrosse,Gold,Canada,CAN,35851774.0,43248.529909341,summer,6.63,6.88,6.13,6.63,4.75,7.13,4.38,5.75,14.0,7.0,5.13,60.375
1904-01-01,St Louis,Lacrosse,Lacrosse,"LYLE, H.",Men,Lacrosse,Gold,Canada,CAN,35851774.0,43248.529909341,summer,6.63,6.88,6.13,6.63,4.75,7.13,4.38,5.75,14.0,7.0,5.13,60.375
1904-01-01,St Louis,Lacrosse,Lacrosse,"ORRIS, William F.L.",Men,Lacrosse,Gold,Canada,CAN,35851774.0,43248.529909341,summer,6.63,6.88,6.13,6.63,4.75,7.13,4.38,5.75,14.0,7.0,5.13,60.375
1904-01-01,St Louis,Lacrosse,Lacrosse,"PENTLAND, L.H.",Men,Lacrosse,Gold,Canada,CAN,35851774.0,43248.529909341,summer,6.63,6.88,6.13,6.63,4.75,7.13,4.38,5.75,14.0,7.0,5.13,60.375
1904-01-01,St Louis,Lacrosse,Lacrosse,"CROGAN, Patrick",Men,Lacrosse,Silver,United States,USA,321418820.0,56115.7184261955,summer,6.63,6.88,6.13,6.63,4.75,7.13,4.38,5.75,14.0,7.0,5.13,60.375
1904-01-01,St Louis,Lacrosse,Lacrosse,"DOWLING, J.W.",Men,Lacrosse,Silver,United States,USA,321418820.0,56115.7184261955,summer,6.63,6.88,6.13,6.63,4.75,7.13,4.38,5.75,14.0,7.0,5.13,60.375
1904-01-01,St Louis,Lacrosse,Lacrosse,GIBSON,Men,Lacrosse,Silver,United States,USA,321418820.0,56115.7184261955,summer,6.63,6.88,6.13,6.63,4.75,7.13,4.38,5.75,14.0,7.0,5.13,60.375
1904-01-01,St Louis,Lacrosse,Lacrosse,HESS,Men,Lacrosse,Silver,United States,USA,321418820.0,56115.7184261955,summer,6.63,6.88,6.13,6.63,4.75,7.13,4.38,5.75,14.0,7.0,5.13,60.375
1904-01-01,St Louis,Lacrosse,Lacrosse,"HUNTER, Robert Edward",Men,Lacrosse,Silver,United States,USA,321418820.0,56115.7184261955,summer,6.63,6.88,6.13,6.63,4.75,7.13,4.38,5.75,14.0,7.0,5.13,60.375
1904-01-01,St Louis,Lacrosse,Lacrosse,LEHMAN,Men,Lacrosse,Silver,United States,USA,321418820.0,56115.7184261955,summer,6.63,6.88,6.13,6.63,4.75,7.13,4.38,5.75,14.0,7.0,5.13,60.375
1904-01-01,St Louis,Lacrosse,Lacrosse,MURPHY,Men,Lacrosse,Silver,United States,USA,321418820.0,56115.7184261955,summer,6.63,6.88,6.13,6.63,4.75,7.13,4.38,5.75,14.0,7.0,5.13,60.375
1904-01-01,St Louis,Lacrosse,Lacrosse,PARTRIDGE,Men,Lacrosse,Silver,United States,USA,321418820.0,56115.7184261955,summer,6.63,6.88,6.13,6.63,4.75,7.13,4.38,5.75,14.0,7.0,5.13,60.375
1904-01-01,St Louis,Lacrosse,Lacrosse,"PASSMORE, George",Men,Lacrosse,Silver,United States,USA,321418820.0,56115.7184261955,summer,6.63,6.88,6.13,6.63,4.75,7.13,4.38,5.75,14.0,7.0,5.13,60.375
1904-01-01,St Louis,Lacrosse,Lacrosse,SULLIVAN,Men,Lacrosse,Silver,United States,USA,321418820.0,56115.7184261955,summer,6.63,6.88,6.13,6.63,4.75,7.13,4.38,5.75,14.0,7.0,5.13,60.375
1904-01-01,St Louis,Lacrosse,Lacrosse,"VENN, A.H.",Men,Lacrosse,Silver,United States,USA,321418820.0,56115.7184261955,summer,6.63,6.88,6.13,6.63,4.75,7.13,4.38,5.75,14.0,7.0,5.13,60.375
1904-01-01,St Louis,Lacrosse,Lacrosse,WOODS,Men,Lacrosse,Silver,United States,USA,321418820.0,56115.7184261955,summer,6.63,6.88,6.13,6.63,4.75,7.13,4.38,5.75,14.0,7.0,5.13,60.375
1904-01-01,St Louis,Lacrosse,Lacrosse,YOUNG,Men,Lacrosse,Silver,United States,USA,321418820.0,56115.7184261955,summer,6.63,6.88,6.13,6.63,4.75,7.13,4.38,5.75,14.0,7.0,5.13,60.375
1904-01-01,St Louis,Rowing,Rowing,"BUERGER, Joseph",Men,Coxless Pair (2-),Bronze,United States,USA,321418820.0,56115.7184261955,summer,2.5,3.63,4.38,8.1300000000000008,4.0,2.88,1.75,7.13,39.0,4.0,7.75,46.125
1904-01-01,St Louis,Rowing,Rowing,"JOACHIM, John",Men,Coxless Pair (2-),Bronze,United States,USA,321418820.0,56115.7184261955,summer,2.5,3.63,4.38,8.1300000000000008,4.0,2.88,1.75,7.13,39.0,4.0,7.75,46.125
1904-01-01,St Louis,Rowing,Rowing,"FARNAM, Robert",Men,Coxless Pair (2-),Gold,United States,USA,321418820.0,56115.7184261955,summer,2.5,3.63,4.38,8.1300000000000008,4.0,2.88,1.75,7.13,39.0,4.0,7.75,46.125
1904-01-01,St Louis,Rowing,Rowing,"RYAN, Joseph",Men,Coxless Pair (2-),Gold,United States,USA,321418820.0,56115.7184261955,summer,2.5,3.63,4.38,8.1300000000000008,4.0,2.88,1.75,7.13,39.0,4.0,7.75,46.125
1904-01-01,St Louis,Rowing,Rowing,"MULCAHY, John J.F.",Men,Coxless Pair (2-),Silver,United States,USA,321418820.0,56115.7184261955,summer,2.5,3.63,4.38,8.1300000000000008,4.0,2.88,1.75,7.13,39.0,4.0,7.75,46.125
1904-01-01,St Louis,Rowing,Rowing,"VARLEY, William",Men,Coxless Pair (2-),Silver,United States,USA,321418820.0,56115.7184261955,summer,2.5,3.63,4.38,8.1300000000000008,4.0,2.88,1.75,7.13,39.0,4.0,7.75,46.125
1904-01-01,St Louis,Rowing,Rowing,"RAVANACK, Joseph",Men,Double Sculls (2X),Bronze,United States,USA,321418820.0,56115.7184261955,summer,2.5,3.63,4.38,8.1300000000000008,4.0,2.88,1.75,7.13,39.0,4.0,7.75,46.125
1904-01-01,St Louis,Rowing,Rowing,"WELLS, John",Men,Double Sculls (2X),Bronze,United States,USA,321418820.0,56115.7184261955,summer,2.5,3.63,4.38,8.1300000000000008,4.0,2.88,1.75,7.13,39.0,4.0,7.75,46.125
1904-01-01,St Louis,Rowing,Rowing,"MULCAHY, John J.F.",Men,Double Sculls (2X),Gold,United States,USA,321418820.0,56115.7184261955,summer,2.5,3.63,4.38,8.1300000000000008,4.0,2.88,1.75,7.13,39.0,4.0,7.75,46.125
1904-01-01,St Louis,Rowing,Rowing,"VARLEY, William",Men,Double Sculls (2X),Gold,United States,USA,321418820.0,56115.7184261955,summer,2.5,3.63,4.38,8.1300000000000008,4.0,2.88,1.75,7.13,39.0,4.0,7.75,46.125
1904-01-01,St Louis,Rowing,Rowing,"HOBEN, John Grey",Men,Double Sculls (2X),Silver,United States,USA,321418820.0,56115.7184261955,summer,2.5,3.63,4.38,8.1300000000000008,4.0,2.88,1.75,7.13,39.0,4.0,7.75,46.125
1904-01-01,St Louis,Rowing,Rowing,"MCLOUGHLIN, James",Men,Double Sculls (2X),Silver,United States,USA,321418820.0,56115.7184261955,summer,2.5,3.63,4.38,8.1300000000000008,4.0,2.88,1.75,7.13,39.0,4.0,7.75,46.125
1904-01-01,St Louis,Rowing,Rowing,"ABELL, Louis",Men,Eight With Coxswain (8+),Gold,United States,USA,321418820.0,56115.7184261955,summer,2.5,3.63,4.38,8.1300000000000008,4.0,2.88,1.75,7.13,39.0,4.0,7.75,46.125
1904-01-01,St Louis,Rowing,Rowing,"ARMSTRONG, Charles E.",Men,Eight With Coxswain (8+),Gold,United States,USA,321418820.0,56115.7184261955,summer,2.5,3.63,4.38,8.1300000000000008,4.0,2.88,1.75,7.13,39.0,4.0,7.75,46.125
1904-01-01,St Louis,Rowing,Rowing,"CRESSER, Frederick",Men,Eight With Coxswain (8+),Gold,United States,USA,321418820.0,56115.7184261955,summer,2.5,3.63,4.38,8.1300000000000008,4.0,2.88,1.75,7.13,39.0,4.0,7.75,46.125
1904-01-01,St Louis,Rowing,Rowing,"DEMPSEY, Joseph F.",Men,Eight With Coxswain (8+),Gold,United States,USA,321418820.0,56115.7184261955,summer,2.5,3.63,4.38,8.1300000000000008,4.0,2.88,1.75,7.13,39.0,4.0,7.75,46.125
1904-01-01,St Louis,Rowing,Rowing,"EXLEY, John",Men,Eight With Coxswain (8+),Gold,United States,USA,321418820.0,56115.7184261955,summer,2.5,3.63,4.38,8.1300000000000008,4.0,2.88,1.75,7.13,39.0,4.0,7.75,46.125
1904-01-01,St Louis,Rowing,Rowing,"FLANIGAN, James",Men,Eight With Coxswain (8+),Gold,United States,USA,321418820.0,56115.7184261955,summer,2.5,3.63,4.38,8.1300000000000008,4.0,2.88,1.75,7.13,39.0,4.0,7.75,46.125
1904-01-01,St Louis,Rowing,Rowing,"GLEASON, Michael D.",Men,Eight With Coxswain (8+),Gold,United States,USA,321418820.0,56115.7184261955,summer,2.5,3.63,4.38,8.1300000000000008,4.0,2.88,1.75,7.13,39.0,4.0,7.75,46.125
1904-01-01,St Louis,Rowing,Rowing,"LOTT, Harry Hunter",Men,Eight With Coxswain (8+),Gold,United States,USA,321418820.0,56115.7184261955,summer,2.5,3.63,4.38,8.1300000000000008,4.0,2.88,1.75,7.13,39.0,4.0,7.75,46.125
1904-01-01,St Louis,Rowing,Rowing,"SCHELL, Frank Reaner",Men,Eight With Coxswain (8+),Gold,United States,USA,321418820.0,56115.7184261955,summer,2.5,3.63,4.38,8.1300000000000008,4.0,2.88,1.75,7.13,39.0,4.0,7.75,46.125
1904-01-01,St Louis,Rowing,Rowing,"BAILEY, Arthur B.",Men,Eight With Coxswain (8+),Silver,Canada,CAN,35851774.0,43248.529909341,summer,2.5,3.63,4.38,8.1300000000000008,4.0,2.88,1.75,7.13,39.0,4.0,7.75,46.125
1904-01-01,St Louis,Rowing,Rowing,"BOYD, Philip Ewing",Men,Eight With Coxswain (8+),Silver,Canada,CAN,35851774.0,43248.529909341,summer,2.5,3.63,4.38,8.1300000000000008,4.0,2.88,1.75,7.13,39.0,4.0,7.75,46.125
1904-01-01,St Louis,Rowing,Rowing,"LOUDON, Thomas Richardson",Men,Eight With Coxswain (8+),Silver,Canada,CAN,35851774.0,43248.529909341,summer,2.5,3.63,4.38,8.1300000000000008,4.0,2.88,1.75,7.13,39.0,4.0,7.75,46.125
1904-01-01,St Louis,Rowing,Rowing,"MACKENZIE, Donald",Men,Eight With Coxswain (8+),Silver,Canada,CAN,35851774.0,43248.529909341,summer,2.5,3.63,4.38,8.1300000000000008,4.0,2.88,1.75,7.13,39.0,4.0,7.75,46.125
1904-01-01,St Louis,Rowing,Rowing,"REIFFENSTEIN, George Patrick",Men,Eight With Coxswain (8+),Silver,Canada,CAN,35851774.0,43248.529909341,summer,2.5,3.63,4.38,8.1300000000000008,4.0,2.88,1.75,7.13,39.0,4.0,7.75,46.125
1904-01-01,St Louis,Rowing,Rowing,"RICE, William",Men,Eight With Coxswain (8+),Silver,Canada,CAN,35851774.0,43248.529909341,summer,2.5,3.63,4.38,8.1300000000000008,4.0,2.88,1.75,7.13,39.0,4.0,7.75,46.125
1904-01-01,St Louis,Rowing,Rowing,"STRANGE, George  M.",Men,Eight With Coxswain (8+),Silver,Canada,CAN,35851774.0,43248.529909341,summer,2.5,3.63,4.38,8.1300000000000008,4.0,2.88,1.75,7.13,39.0,4.0,7.75,46.125
1904-01-01,St Louis,Rowing,Rowing,"WADSWORTH, William",Men,Eight With Coxswain (8+),Silver,Canada,CAN,35851774.0,43248.529909341,summer,2.5,3.63,4.38,8.1300000000000008,4.0,2.88,1.75,7.13,39.0,4.0,7.75,46.125
1904-01-01,St Louis,Rowing,Rowing,"WRIGHT, Joseph George",Men,Eight With Coxswain (8+),Silver,Canada,CAN,35851774.0,43248.529909341,summer,2.5,3.63,4.38,8.1300000000000008,4.0,2.88,1.75,7.13,39.0,4.0,7.75,46.125
1904-01-01,St Louis,Rowing,Rowing,"DUNIMERTH, Frank",Men,Four Without Coxswain (4-),Bronze,United States,USA,321418820.0,56115.7184261955,summer,2.5,3.63,4.38,8.1300000000000008,4.0,2.88,1.75,7.13,39.0,4.0,7.75,46.125
1904-01-01,St Louis,Rowing,Rowing,"FREITAG, John",Men,Four Without Coxswain (4-),Bronze,United States,USA,321418820.0,56115.7184261955,summer,2.5,3.63,4.38,8.1300000000000008,4.0,2.88,1.75,7.13,39.0,4.0,7.75,46.125
1904-01-01,St Louis,Rowing,Rowing,"HELM, Louis G.",Men,Four Without Coxswain (4-),Bronze,United States,USA,321418820.0,56115.7184261955,summer,2.5,3.63,4.38,8.1300000000000008,4.0,2.88,1.75,7.13,39.0,4.0,7.75,46.125
1904-01-01,St Louis,Rowing,Rowing,"VOERG, Gustav",Men,Four Without Coxswain (4-),Bronze,United States,USA,321418820.0,56115.7184261955,summer,2.5,3.63,4.38,8.1300000000000008,4.0,2.88,1.75,7.13,39.0,4.0,7.75,46.125
1904-01-01,St Louis,Rowing,Rowing,"DIETZ, George",Men,Four Without Coxswain (4-),Gold,United States,USA,321418820.0,56115.7184261955,summer,2.5,3.63,4.38,8.1300000000000008,4.0,2.88,1.75,7.13,39.0,4.0,7.75,46.125
1904-01-01,St Louis,Rowing,Rowing,"ERKER, August",Men,Four Without Coxswain (4-),Gold,United States,USA,321418820.0,56115.7184261955,summer,2.5,3.63,4.38,8.1300000000000008,4.0,2.88,1.75,7.13,39.0,4.0,7.75,46.125
1904-01-01,St Louis,Rowing,Rowing,"NASSE, Albert",Men,Four Without Coxswain (4-),Gold,United States,USA,321418820.0,56115.7184261955,summer,2.5,3.63,4.38,8.1300000000000008,4.0,2.88,1.75,7.13,39.0,4.0,7.75,46.125
1904-01-01,St Louis,Rowing,Rowing,"STOCKHOFF, Arthur",Men,Four Without Coxswain (4-),Gold,United States,USA,321418820.0,56115.7184261955,summer,2.5,3.63,4.38,8.1300000000000008,4.0,2.88,1.75,7.13,39.0,4.0,7.75,46.125
1904-01-01,St Louis,Rowing,Rowing,"AMAN, Charles",Men,Four Without Coxswain (4-),Silver,United States,USA,321418820.0,56115.7184261955,summer,2.5,3.63,4.38,8.1300000000000008,4.0,2.88,1.75,7.13,39.0,4.0,7.75,46.125
1904-01-01,St Louis,Rowing,Rowing,"BEGLEY, Michael",Men,Four Without Coxswain (4-),Silver,United States,USA,321418820.0,56115.7184261955,summer,2.5,3.63,4.38,8.1300000000000008,4.0,2.88,1.75,7.13,39.0,4.0,7.75,46.125
1904-01-01,St Louis,Rowing,Rowing,"FROMANACK, Martin",Men,Four Without Coxswain (4-),Silver,United States,USA,321418820.0,56115.7184261955,summer,2.5,3.63,4.38,8.1300000000000008,4.0,2.88,1.75,7.13,39.0,4.0,7.75,46.125
1904-01-01,St Louis,Rowing,Rowing,"SUERIG, Frederick",Men,Four Without Coxswain (4-),Silver,United States,USA,321418820.0,56115.7184261955,summer,2.5,3.63,4.38,8.1300000000000008,4.0,2.88,1.75,7.13,39.0,4.0,7.75,46.125
1904-01-01,St Louis,Rowing,Rowing,"TITUS, Constance",Men,Single Sculls (1X),Bronze,United States,USA,321418820.0,56115.7184261955,summer,2.5,3.63,4.38,8.1300000000000008,4.0,2.88,1.75,7.13,39.0,4.0,7.75,46.125
1904-01-01,St Louis,Rowing,Rowing,"GREER, Frank",Men,Single Sculls (1X),Gold,United States,USA,321418820.0,56115.7184261955,summer,2.5,3.63,4.38,8.1300000000000008,4.0,2.88,1.75,7.13,39.0,4.0,7.75,46.125
1904-01-01,St Louis,Rowing,Rowing,"JUVENAL, James",Men,Single Sculls (1X),Silver,United States,USA,321418820.0,56115.7184261955,summer,2.5,3.63,4.38,8.1300000000000008,4.0,2.88,1.75,7.13,39.0,4.0,7.75,46.125
1904-01-01,St Louis,Tennis,Tennis,"GAMBLE, Clarence Olivier",Men,Doubles,Bronze,United States,USA,321418820.0,56115.7184261955,summer,7.75,6.75,5.0,7.25,5.63,8.38,3.0,7.13,7.0,6.75,5.13,62.75
1904-01-01,St Louis,Tennis,Tennis,"WEAR, Arthur Yancey",Men,Doubles,Bronze,United States,USA,321418820.0,56115.7184261955,summer,7.75,6.75,5.0,7.25,5.63,8.38,3.0,7.13,7.0,6.75,5.13,62.75
1904-01-01,St Louis,Tennis,Tennis,"WEAR, Joseph Walker",Men,Doubles,Bronze,United States,USA,321418820.0,56115.7184261955,summer,7.75,6.75,5.0,7.25,5.63,8.38,3.0,7.13,7.0,6.75,5.13,62.75
1904-01-01,St Louis,Tennis,Tennis,"WEST, Allen Tarwater",Men,Doubles,Bronze,United States,USA,321418820.0,56115.7184261955,summer,7.75,6.75,5.0,7.25,5.63,8.38,3.0,7.13,7.0,6.75,5.13,62.75
1904-01-01,St Louis,Tennis,Tennis,"LEONARD, Edgar Welch",Men,Doubles,Gold,United States,USA,321418820.0,56115.7184261955,summer,7.75,6.75,5.0,7.25,5.63,8.38,3.0,7.13,7.0,6.75,5.13,62.75
1904-01-01,St Louis,Tennis,Tennis,"WRIGHT, Beals Coleman",Men,Doubles,Gold,United States,USA,321418820.0,56115.7184261955,summer,7.75,6.75,5.0,7.25,5.63,8.38,3.0,7.13,7.0,6.75,5.13,62.75
1904-01-01,St Louis,Tennis,Tennis,"BELL, Alphonzo Edward",Men,Doubles,Silver,United States,USA,321418820.0,56115.7184261955,summer,7.75,6.75,5.0,7.25,5.63,8.38,3.0,7.13,7.0,6.75,5.13,62.75
1904-01-01,St Louis,Tennis,Tennis,"LEROY, Robert",Men,Doubles,Silver,United States,USA,321418820.0,56115.7184261955,summer,7.75,6.75,5.0,7.25,5.63,8.38,3.0,7.13,7.0,6.75,5.13,62.75
1904-01-01,St Louis,Tennis,Tennis,"BELL, Alphonzo Edward",Men,Singles,Bronze,United States,USA,321418820.0,56115.7184261955,summer,7.75,6.75,5.0,7.25,5.63,8.38,3.0,7.13,7.0,6.75,5.13,62.75
1904-01-01,St Louis,Tennis,Tennis,"LEONARD, Edgar Welch",Men,Singles,Bronze,United States,USA,321418820.0,56115.7184261955,summer,7.75,6.75,5.0,7.25,5.63,8.38,3.0,7.13,7.0,6.75,5.13,62.75
1904-01-01,St Louis,Tennis,Tennis,"WRIGHT, Beals Coleman",Men,Singles,Gold,United States,USA,321418820.0,56115.7184261955,summer,7.75,6.75,5.0,7.25,5.63,8.38,3.0,7.13,7.0,6.75,5.13,62.75
1904-01-01,St Louis,Tennis,Tennis,"LEROY, Robert",Men,Singles,Silver,United States,USA,321418820.0,56115.7184261955,summer,7.75,6.75,5.0,7.25,5.63,8.38,3.0,7.13,7.0,6.75,5.13,62.75
1904-01-01,St Louis,Wrestling,Wrestling Free.,"THIEFENTHALER, Gustav",Men,- 47.6KG (Light-Flyweight),Bronze,United States,USA,321418820.0,56115.7184261955,summer,6.38,6.38,6.75,6.63,7.5,4.25,5.0,7.13,5.0,5.13,8.38,63.5
1904-01-01,St Louis,Wrestling,Wrestling Free.,"CURRY, Robert",Men,- 47.6KG (Light-Flyweight),Gold,United States,USA,321418820.0,56115.7184261955,summer,6.38,6.38,6.75,6.63,7.5,4.25,5.0,7.13,5.0,5.13,8.38,63.5
1904-01-01,St Louis,Wrestling,Wrestling Free.,"HEIN, John",Men,- 47.6KG (Light-Flyweight),Silver,United States,USA,321418820.0,56115.7184261955,summer,6.38,6.38,6.75,6.63,7.5,4.25,5.0,7.13,5.0,5.13,8.38,63.5
1904-01-01,St Louis,Wrestling,Wrestling Free.,"WARMBOLD, Frederick Charles",Men,+ 71.67KG (Heavyweight),Bronze,United States,USA,321418820.0,56115.7184261955,summer,6.38,6.38,6.75,6.63,7.5,4.25,5.0,7.13,5.0,5.13,8.38,63.5
1904-01-01,St Louis,Wrestling,Wrestling Free.,"HANSEN, Bernhuff",Men,+ 71.67KG (Heavyweight),Gold,United States,USA,321418820.0,56115.7184261955,summer,6.38,6.38,6.75,6.63,7.5,4.25,5.0,7.13,5.0,5.13,8.38,63.5
1904-01-01,St Louis,Wrestling,Wrestling Free.,"KUNGLER, Frank",Men,+ 71.67KG (Heavyweight),Silver,United States,USA,321418820.0,56115.7184261955,summer,6.38,6.38,6.75,6.63,7.5,4.25,5.0,7.13,5.0,5.13,8.38,63.5
1904-01-01,St Louis,Wrestling,Wrestling Free.,"NELSON, William",Men,47.6 - 52.16KG (Flyweight),Bronze,United States,USA,321418820.0,56115.7184261955,summer,6.38,6.38,6.75,6.63,7.5,4.25,5.0,7.13,5.0,5.13,8.38,63.5
1904-01-01,St Louis,Wrestling,Wrestling Free.,"MEHNERT, George Nicholas",Men,47.6 - 52.16KG (Flyweight),Gold,United States,USA,321418820.0,56115.7184261955,summer,6.38,6.38,6.75,6.63,7.5,4.25,5.0,7.13,5.0,5.13,8.38,63.5
1904-01-01,St Louis,Wrestling,Wrestling Free.,"BAUER, Gustav",Men,47.6 - 52.16KG (Flyweight),Silver,United States,USA,321418820.0,56115.7184261955,summer,6.38,6.38,6.75,6.63,7.5,4.25,5.0,7.13,5.0,5.13,8.38,63.5
1904-01-01,St Louis,Wrestling,Wrestling Free.,"STREBLER, Zenon B.",Men,52.16 - 56.7KG (Bantamweight),Bronze,United States,USA,321418820.0,56115.7184261955,summer,6.38,6.38,6.75,6.63,7.5,4.25,5.0,7.13,5.0,5.13,8.38,63.5
1904-01-01,St Louis,Wrestling,Wrestling Free.,"NIFLOT, Isidor",Men,52.16 - 56.7KG (Bantamweight),Gold,United States,USA,321418820.0,56115.7184261955,summer,6.38,6.38,6.75,6.63,7.5,4.25,5.0,7.13,5.0,5.13,8.38,63.5
1904-01-01,St Louis,Wrestling,Wrestling Free.,"WESTER, August",Men,52.16 - 56.7KG (Bantamweight),Silver,United States,USA,321418820.0,56115.7184261955,summer,6.38,6.38,6.75,6.63,7.5,4.25,5.0,7.13,5.0,5.13,8.38,63.5
1904-01-01,St Louis,Wrestling,Wrestling Free.,"CLAPPER, Charles E.",Men,56.7 - 61.23KG (Featherweight),Bronze,United States,USA,321418820.0,56115.7184261955,summer,6.38,6.38,6.75,6.63,7.5,4.25,5.0,7.13,5.0,5.13,8.38,63.5
1904-01-01,St Louis,Wrestling,Wrestling Free.,"BRADSHAW, Benjamin Joseph",Men,56.7 - 61.23KG (Featherweight),Gold,United States,USA,321418820.0,56115.7184261955,summer,6.38,6.38,6.75,6.63,7.5,4.25,5.0,7.13,5.0,5.13,8.38,63.5
1904-01-01,St Louis,Wrestling,Wrestling Free.,"MCLEAR, Theodore",Men,56.7 - 61.23KG (Featherweight),Silver,United States,USA,321418820.0,56115.7184261955,summer,6.38,6.38,6.75,6.63,7.5,4.25,5.0,7.13,5.0,5.13,8.38,63.5
1904-01-01,St Louis,Wrestling,Wrestling Free.,"ZIRKEL, Albert",Men,61.23 - 65.77KG (Lightweight),Bronze,United States,USA,321418820.0,56115.7184261955,summer,6.38,6.38,6.75,6.63,7.5,4.25,5.0,7.13,5.0,5.13,8.38,63.5
1904-01-01,St Louis,Wrestling,Wrestling Free.,"ROEHM, Otto F.",Men,61.23 - 65.77KG (Lightweight),Gold,United States,USA,321418820.0,56115.7184261955,summer,6.38,6.38,6.75,6.63,7.5,4.25,5.0,7.13,5.0,5.13,8.38,63.5
1904-01-01,St Louis,Wrestling,Wrestling Free.,"TESING, Rudolph",Men,61.23 - 65.77KG (Lightweight),Silver,United States,USA,321418820.0,56115.7184261955,summer,6.38,6.38,6.75,6.63,7.5,4.25,5.0,7.13,5.0,5.13,8.38,63.5
1904-01-01,St Louis,Wrestling,Wrestling Free.,"WINHOLTZ, Jerry",Men,65.77 - 71.67KG (Welterweight),Bronze,United States,USA,321418820.0,56115.7184261955,summer,6.38,6.38,6.75,6.63,7.5,4.25,5.0,7.13,5.0,5.13,8.38,63.5
1904-01-01,St Louis,Wrestling,Wrestling Free.,"ERICKSEN, Charles",Men,65.77 - 71.67KG (Welterweight),Gold,United States,USA,321418820.0,56115.7184261955,summer,6.38,6.38,6.75,6.63,7.5,4.25,5.0,7.13,5.0,5.13,8.38,63.5
1904-01-01,St Louis,Wrestling,Wrestling Free.,"BECKMANN, William",Men,65.77 - 71.67KG (Welterweight),Silver,United States,USA,321418820.0,56115.7184261955,summer,6.38,6.38,6.75,6.63,7.5,4.25,5.0,7.13,5.0,5.13,8.38,63.5
