2002-01-01,Salt Lake City,Bobsleigh,Bobsleigh,"KOHN, Mike",Men,Four-Man,Bronze,United States,USA,321418820.0,56115.7184261955,winter,4.13,4.25,3.5,3.5,3.25,4.13,7.75,6.5,28.0,6.75,5.5,49.25
2002-01-01,Salt Lake City,Bobsleigh,Bobsleigh,"SHARP, Doug",Men,Four-Man,Bronze,United States,USA,321418820.0,56115.7184261955,winter,4.13,4.25,3.5,3.5,3.25,4.13,7.75,6.5,28.0,6.75,5.5,49.25
2002-01-01,Salt Lake City,Bobsleigh,Bobsleigh,"SHIMER, Brian",Men,Four-Man,Bronze,United States,USA,321418820.0,56115.7184261955,winter,4.13,4.25,3.5,3.5,3.25,4.13,7.75,6.5,28.0,6.75,5.5,49.25
2002-01-01,Salt Lake City,Bobsleigh,Bobsleigh,"STEELE, Dan",Men,Four-Man,Bronze,United States,USA,321418820.0,56115.7184261955,winter,4.13,4.25,3.5,3.5,3.25,4.13,7.75,6.5,28.0,6.75,5.5,49.25
2002-01-01,Salt Lake City,Bobsleigh,Bobsleigh,"EMBACH, Carsten",Men,Four-Man,Gold,Germany,GER,81413145.0,41313.3139945434,winter,4.13,4.25,3.5,3.5,3.25,4.13,7.75,6.5,28.0,6.75,5.5,49.25
2002-01-01,Salt Lake City,Bobsleigh,Bobsleigh,"KUEHN, Enrico",Men,Four-Man,Gold,Germany,GER,81413145.0,41313.3139945434,winter,4.13,4.25,3.5,3.5,3.25,4.13,7.75,6.5,28.0,6.75,5.5,49.25
2002-01-01,Salt Lake City,Bobsleigh,Bobsleigh,"KUSKE, Kevin",Men,Four-Man,Gold,Germany,GER,81413145.0,41313.3139945434,winter,4.13,4.25,3.5,3.5,3.25,4.13,7.75,6.5,28.0,6.75,5.5,49.25
2002-01-01,Salt Lake City,Bobsleigh,Bobsleigh,"LANGE, Andre",Men,Four-Man,Gold,Germany,GER,81413145.0,41313.3139945434,winter,4.13,4.25,3.5,3.5,3.25,4.13,7.75,6.5,28.0,6.75,5.5,49.25
2002-01-01,Salt Lake City,Bobsleigh,Bobsleigh,"HAYS, Todd",Men,Four-Man,Silver,United States,USA,321418820.0,56115.7184261955,winter,4.13,4.25,3.5,3.5,3.25,4.13,7.75,6.5,28.0,6.75,5.5,49.25
2002-01-01,Salt Lake City,Bobsleigh,Bobsleigh,"HINES, Garrett",Men,Four-Man,Silver,United States,USA,321418820.0,56115.7184261955,winter,4.13,4.25,3.5,3.5,3.25,4.13,7.75,6.5,28.0,6.75,5.5,49.25
2002-01-01,Salt Lake City,Bobsleigh,Bobsleigh,"JONES, Randy",Men,Four-Man,Silver,United States,USA,321418820.0,56115.7184261955,winter,4.13,4.25,3.5,3.5,3.25,4.13,7.75,6.5,28.0,6.75,5.5,49.25
2002-01-01,Salt Lake City,Bobsleigh,Bobsleigh,"SCHUFFENHAUER, Bill",Men,Four-Man,Silver,United States,USA,321418820.0,56115.7184261955,winter,4.13,4.25,3.5,3.5,3.25,4.13,7.75,6.5,28.0,6.75,5.5,49.25
2002-01-01,Salt Lake City,Bobsleigh,Bobsleigh,"ANNEN, Martin",Men,Two-Man,Bronze,Switzerland,SUI,8286976.0,80945.0792194742,winter,4.13,4.25,3.5,3.5,3.25,4.13,7.75,6.5,28.0,6.75,5.5,49.25
2002-01-01,Salt Lake City,Bobsleigh,Bobsleigh,"HEFTI, Beat",Men,Two-Man,Bronze,Switzerland,SUI,8286976.0,80945.0792194742,winter,4.13,4.25,3.5,3.5,3.25,4.13,7.75,6.5,28.0,6.75,5.5,49.25
2002-01-01,Salt Lake City,Bobsleigh,Bobsleigh,"LANGEN, Christoph",Men,Two-Man,Gold,Germany,GER,81413145.0,41313.3139945434,winter,4.13,4.25,3.5,3.5,3.25,4.13,7.75,6.5,28.0,6.75,5.5,49.25
2002-01-01,Salt Lake City,Bobsleigh,Bobsleigh,"ZIMMERMANN, Markus",Men,Two-Man,Gold,Germany,GER,81413145.0,41313.3139945434,winter,4.13,4.25,3.5,3.5,3.25,4.13,7.75,6.5,28.0,6.75,5.5,49.25
2002-01-01,Salt Lake City,Bobsleigh,Bobsleigh,"ANDERHUB, Steve",Men,Two-Man,Silver,Switzerland,SUI,8286976.0,80945.0792194742,winter,4.13,4.25,3.5,3.5,3.25,4.13,7.75,6.5,28.0,6.75,5.5,49.25
2002-01-01,Salt Lake City,Bobsleigh,Bobsleigh,"REICH, Christian",Men,Two-Man,Silver,Switzerland,SUI,8286976.0,80945.0792194742,winter,4.13,4.25,3.5,3.5,3.25,4.13,7.75,6.5,28.0,6.75,5.5,49.25
2002-01-01,Salt Lake City,Bobsleigh,Bobsleigh,"ERDMANN, Susi-Lisa",Women,Two-Man,Bronze,Germany,GER,81413145.0,41313.3139945434,winter,4.13,4.25,3.5,3.5,3.25,4.13,7.75,6.5,28.0,6.75,5.5,49.25
2002-01-01,Salt Lake City,Bobsleigh,Bobsleigh,"HERSCHMANN, Nicole",Women,Two-Man,Bronze,Germany,GER,81413145.0,41313.3139945434,winter,4.13,4.25,3.5,3.5,3.25,4.13,7.75,6.5,28.0,6.75,5.5,49.25
2002-01-01,Salt Lake City,Bobsleigh,Bobsleigh,"BAKKEN, Jill",Women,Two-Man,Gold,United States,USA,321418820.0,56115.7184261955,winter,4.13,4.25,3.5,3.5,3.25,4.13,7.75,6.5,28.0,6.75,5.5,49.25
2002-01-01,Salt Lake City,Bobsleigh,Bobsleigh,"FLOWERS, Vonetta",Women,Two-Man,Gold,United States,USA,321418820.0,56115.7184261955,winter,4.13,4.25,3.5,3.5,3.25,4.13,7.75,6.5,28.0,6.75,5.5,49.25
2002-01-01,Salt Lake City,Bobsleigh,Bobsleigh,"HOLZNER, Ulrike",Women,Two-Man,Silver,Germany,GER,81413145.0,41313.3139945434,winter,4.13,4.25,3.5,3.5,3.25,4.13,7.75,6.5,28.0,6.75,5.5,49.25
2002-01-01,Salt Lake City,Bobsleigh,Bobsleigh,"KIRIASIS, Sandra",Women,Two-Man,Silver,Germany,GER,81413145.0,41313.3139945434,winter,4.13,4.25,3.5,3.5,3.25,4.13,7.75,6.5,28.0,6.75,5.5,49.25
2002-01-01,Salt Lake City,Curling,Curling,"EGGLER, Markus",Men,Curling,Bronze,Switzerland,SUI,8286976.0,80945.0792194742,winter,2.25,5.63,1.5,2.25,2.63,4.88,1.75,2.5,56.0,1.5,2.63,27.5
2002-01-01,Salt Lake City,Curling,Curling,"GRICHTING, Damian",Men,Curling,Bronze,Switzerland,SUI,8286976.0,80945.0792194742,winter,2.25,5.63,1.5,2.25,2.63,4.88,1.75,2.5,56.0,1.5,2.63,27.5
2002-01-01,Salt Lake City,Curling,Curling,"RAMSTEIN, Marco",Men,Curling,Bronze,Switzerland,SUI,8286976.0,80945.0792194742,winter,2.25,5.63,1.5,2.25,2.63,4.88,1.75,2.5,56.0,1.5,2.63,27.5
2002-01-01,Salt Lake City,Curling,Curling,"SCHWALLER, Andreas",Men,Curling,Bronze,Switzerland,SUI,8286976.0,80945.0792194742,winter,2.25,5.63,1.5,2.25,2.63,4.88,1.75,2.5,56.0,1.5,2.63,27.5
2002-01-01,Salt Lake City,Curling,Curling,"SCHWALLER, Christof",Men,Curling,Bronze,Switzerland,SUI,8286976.0,80945.0792194742,winter,2.25,5.63,1.5,2.25,2.63,4.88,1.75,2.5,56.0,1.5,2.63,27.5
2002-01-01,Salt Lake City,Curling,Curling,"DAVANGER, Flemming",Men,Curling,Gold,Norway,NOR,5195921.0,74400.3697770928,winter,2.25,5.63,1.5,2.25,2.63,4.88,1.75,2.5,56.0,1.5,2.63,27.5
2002-01-01,Salt Lake City,Curling,Curling,"NERGAARD, Torger",Men,Curling,Gold,Norway,NOR,5195921.0,74400.3697770928,winter,2.25,5.63,1.5,2.25,2.63,4.88,1.75,2.5,56.0,1.5,2.63,27.5
2002-01-01,Salt Lake City,Curling,Curling,"RAMSFJELL, Bent Aanund",Men,Curling,Gold,Norway,NOR,5195921.0,74400.3697770928,winter,2.25,5.63,1.5,2.25,2.63,4.88,1.75,2.5,56.0,1.5,2.63,27.5
2002-01-01,Salt Lake City,Curling,Curling,"TRULSEN, Paal",Men,Curling,Gold,Norway,NOR,5195921.0,74400.3697770928,winter,2.25,5.63,1.5,2.25,2.63,4.88,1.75,2.5,56.0,1.5,2.63,27.5
2002-01-01,Salt Lake City,Curling,Curling,"VAAGBERG, Lars",Men,Curling,Gold,Norway,NOR,5195921.0,74400.3697770928,winter,2.25,5.63,1.5,2.25,2.63,4.88,1.75,2.5,56.0,1.5,2.63,27.5
2002-01-01,Salt Lake City,Curling,Curling,"BARTLETT, Don",Men,Curling,Silver,Canada,CAN,35851774.0,43248.529909341,winter,2.25,5.63,1.5,2.25,2.63,4.88,1.75,2.5,56.0,1.5,2.63,27.5
2002-01-01,Salt Lake City,Curling,Curling,"MARTIN, Kevin",Men,Curling,Silver,Canada,CAN,35851774.0,43248.529909341,winter,2.25,5.63,1.5,2.25,2.63,4.88,1.75,2.5,56.0,1.5,2.63,27.5
2002-01-01,Salt Lake City,Curling,Curling,"RYCROFT, Carter",Men,Curling,Silver,Canada,CAN,35851774.0,43248.529909341,winter,2.25,5.63,1.5,2.25,2.63,4.88,1.75,2.5,56.0,1.5,2.63,27.5
2002-01-01,Salt Lake City,Curling,Curling,"TRALNBERG, Ken",Men,Curling,Silver,Canada,CAN,35851774.0,43248.529909341,winter,2.25,5.63,1.5,2.25,2.63,4.88,1.75,2.5,56.0,1.5,2.63,27.5
2002-01-01,Salt Lake City,Curling,Curling,"WALCHUK, Don",Men,Curling,Silver,Canada,CAN,35851774.0,43248.529909341,winter,2.25,5.63,1.5,2.25,2.63,4.88,1.75,2.5,56.0,1.5,2.63,27.5
2002-01-01,Salt Lake City,Curling,Curling,"LAW, Kelley",Women,Curling,Bronze,Canada,CAN,35851774.0,43248.529909341,winter,2.25,5.63,1.5,2.25,2.63,4.88,1.75,2.5,56.0,1.5,2.63,27.5
2002-01-01,Salt Lake City,Curling,Curling,"NELSON, Diane",Women,Curling,Bronze,Canada,CAN,35851774.0,43248.529909341,winter,2.25,5.63,1.5,2.25,2.63,4.88,1.75,2.5,56.0,1.5,2.63,27.5
2002-01-01,Salt Lake City,Curling,Curling,"NOBLE, Cheryl",Women,Curling,Bronze,Canada,CAN,35851774.0,43248.529909341,winter,2.25,5.63,1.5,2.25,2.63,4.88,1.75,2.5,56.0,1.5,2.63,27.5
2002-01-01,Salt Lake City,Curling,Curling,"SKINNER, Julie",Women,Curling,Bronze,Canada,CAN,35851774.0,43248.529909341,winter,2.25,5.63,1.5,2.25,2.63,4.88,1.75,2.5,56.0,1.5,2.63,27.5
2002-01-01,Salt Lake City,Curling,Curling,"WHEATCROFT, Georgina",Women,Curling,Bronze,Canada,CAN,35851774.0,43248.529909341,winter,2.25,5.63,1.5,2.25,2.63,4.88,1.75,2.5,56.0,1.5,2.63,27.5
2002-01-01,Salt Lake City,Curling,Curling,"KNOX, Debbie",Women,Curling,Gold,United Kingdom,GBR,65138232.0,43875.9696143686,winter,2.25,5.63,1.5,2.25,2.63,4.88,1.75,2.5,56.0,1.5,2.63,27.5
2002-01-01,Salt Lake City,Curling,Curling,"MACDONALD, Fiona",Women,Curling,Gold,United Kingdom,GBR,65138232.0,43875.9696143686,winter,2.25,5.63,1.5,2.25,2.63,4.88,1.75,2.5,56.0,1.5,2.63,27.5
2002-01-01,Salt Lake City,Curling,Curling,"MARTIN, Rhona",Women,Curling,Gold,United Kingdom,GBR,65138232.0,43875.9696143686,winter,2.25,5.63,1.5,2.25,2.63,4.88,1.75,2.5,56.0,1.5,2.63,27.5
2002-01-01,Salt Lake City,Curling,Curling,"MORTON, Margaret",Women,Curling,Gold,United Kingdom,GBR,65138232.0,43875.9696143686,winter,2.25,5.63,1.5,2.25,2.63,4.88,1.75,2.5,56.0,1.5,2.63,27.5
2002-01-01,Salt Lake City,Curling,Curling,"RANKIN, Janice",Women,Curling,Gold,United Kingdom,GBR,65138232.0,43875.9696143686,winter,2.25,5.63,1.5,2.25,2.63,4.88,1.75,2.5,56.0,1.5,2.63,27.5
2002-01-01,Salt Lake City,Curling,Curling,"BIDAUD, Laurence",Women,Curling,Silver,Switzerland,SUI,8286976.0,80945.0792194742,winter,2.25,5.63,1.5,2.25,2.63,4.88,1.75,2.5,56.0,1.5,2.63,27.5
2002-01-01,Salt Lake City,Curling,Curling,"EBNOETHER, Luzia",Women,Curling,Silver,Switzerland,SUI,8286976.0,80945.0792194742,winter,2.25,5.63,1.5,2.25,2.63,4.88,1.75,2.5,56.0,1.5,2.63,27.5
2002-01-01,Salt Lake City,Curling,Curling,"FREI, Tanya",Women,Curling,Silver,Switzerland,SUI,8286976.0,80945.0792194742,winter,2.25,5.63,1.5,2.25,2.63,4.88,1.75,2.5,56.0,1.5,2.63,27.5
2002-01-01,Salt Lake City,Curling,Curling,"OTT, Mirjam",Women,Curling,Silver,Switzerland,SUI,8286976.0,80945.0792194742,winter,2.25,5.63,1.5,2.25,2.63,4.88,1.75,2.5,56.0,1.5,2.63,27.5
2002-01-01,Salt Lake City,Curling,Curling,"ROETHLISBERGER, Nadia",Women,Curling,Silver,Switzerland,SUI,8286976.0,80945.0792194742,winter,2.25,5.63,1.5,2.25,2.63,4.88,1.75,2.5,56.0,1.5,2.63,27.5
2002-01-01,Salt Lake City,Ice Hockey,Ice Hockey,"AFINOGENOV, Maxim",Men,Ice Hockey,Bronze,Russia,RUS,144096812.0,9092.580536068841,winter,7.63,7.5,8.25,7.25,4.88,7.5,6.0,7.88,2.0,7.75,7.13,71.75
2002-01-01,Salt Lake City,Ice Hockey,Ice Hockey,"BRYZGALOV, Ilja",Men,Ice Hockey,Bronze,Russia,RUS,144096812.0,9092.580536068841,winter,7.63,7.5,8.25,7.25,4.88,7.5,6.0,7.88,2.0,7.75,7.13,71.75
2002-01-01,Salt Lake City,Ice Hockey,Ice Hockey,"BURE, Pavel",Men,Ice Hockey,Bronze,Russia,RUS,144096812.0,9092.580536068841,winter,7.63,7.5,8.25,7.25,4.88,7.5,6.0,7.88,2.0,7.75,7.13,71.75
2002-01-01,Salt Lake City,Ice Hockey,Ice Hockey,"BURE, Valeri",Men,Ice Hockey,Bronze,Russia,RUS,144096812.0,9092.580536068841,winter,7.63,7.5,8.25,7.25,4.88,7.5,6.0,7.88,2.0,7.75,7.13,71.75
2002-01-01,Salt Lake City,Ice Hockey,Ice Hockey,"DATSYUK, Pavel",Men,Ice Hockey,Bronze,Russia,RUS,144096812.0,9092.580536068841,winter,7.63,7.5,8.25,7.25,4.88,7.5,6.0,7.88,2.0,7.75,7.13,71.75
2002-01-01,Salt Lake City,Ice Hockey,Ice Hockey,"FEDOROV, Sergei",Men,Ice Hockey,Bronze,Russia,RUS,144096812.0,9092.580536068841,winter,7.63,7.5,8.25,7.25,4.88,7.5,6.0,7.88,2.0,7.75,7.13,71.75
2002-01-01,Salt Lake City,Ice Hockey,Ice Hockey,"GONCHAR, Sergei",Men,Ice Hockey,Bronze,Russia,RUS,144096812.0,9092.580536068841,winter,7.63,7.5,8.25,7.25,4.88,7.5,6.0,7.88,2.0,7.75,7.13,71.75
2002-01-01,Salt Lake City,Ice Hockey,Ice Hockey,"KASPARAITIS, Darius",Men,Ice Hockey,Bronze,Russia,RUS,144096812.0,9092.580536068841,winter,7.63,7.5,8.25,7.25,4.88,7.5,6.0,7.88,2.0,7.75,7.13,71.75
2002-01-01,Salt Lake City,Ice Hockey,Ice Hockey,"KHABIBULIN, Nikolai",Men,Ice Hockey,Bronze,Russia,RUS,144096812.0,9092.580536068841,winter,7.63,7.5,8.25,7.25,4.88,7.5,6.0,7.88,2.0,7.75,7.13,71.75
2002-01-01,Salt Lake City,Ice Hockey,Ice Hockey,"KOVALCHUK, Ilya",Men,Ice Hockey,Bronze,Russia,RUS,144096812.0,9092.580536068841,winter,7.63,7.5,8.25,7.25,4.88,7.5,6.0,7.88,2.0,7.75,7.13,71.75
2002-01-01,Salt Lake City,Ice Hockey,Ice Hockey,"KOVALEV, Alexei",Men,Ice Hockey,Bronze,Russia,RUS,144096812.0,9092.580536068841,winter,7.63,7.5,8.25,7.25,4.88,7.5,6.0,7.88,2.0,7.75,7.13,71.75
2002-01-01,Salt Lake City,Ice Hockey,Ice Hockey,"KRAVCHUK, Igor",Men,Ice Hockey,Bronze,Russia,RUS,144096812.0,9092.580536068841,winter,7.63,7.5,8.25,7.25,4.88,7.5,6.0,7.88,2.0,7.75,7.13,71.75
2002-01-01,Salt Lake City,Ice Hockey,Ice Hockey,"KVASHA, Oleg",Men,Ice Hockey,Bronze,Russia,RUS,144096812.0,9092.580536068841,winter,7.63,7.5,8.25,7.25,4.88,7.5,6.0,7.88,2.0,7.75,7.13,71.75
2002-01-01,Salt Lake City,Ice Hockey,Ice Hockey,"LARIONOV, Igor",Men,Ice Hockey,Bronze,Russia,RUS,144096812.0,9092.580536068841,winter,7.63,7.5,8.25,7.25,4.88,7.5,6.0,7.88,2.0,7.75,7.13,71.75
2002-01-01,Salt Lake City,Ice Hockey,Ice Hockey,"MALAKHOV, Vladimir",Men,Ice Hockey,Bronze,Russia,RUS,144096812.0,9092.580536068841,winter,7.63,7.5,8.25,7.25,4.88,7.5,6.0,7.88,2.0,7.75,7.13,71.75
2002-01-01,Salt Lake City,Ice Hockey,Ice Hockey,"MARKOV, Daniil",Men,Ice Hockey,Bronze,Russia,RUS,144096812.0,9092.580536068841,winter,7.63,7.5,8.25,7.25,4.88,7.5,6.0,7.88,2.0,7.75,7.13,71.75
2002-01-01,Salt Lake City,Ice Hockey,Ice Hockey,"MIRONOV, Boris",Men,Ice Hockey,Bronze,Russia,RUS,144096812.0,9092.580536068841,winter,7.63,7.5,8.25,7.25,4.88,7.5,6.0,7.88,2.0,7.75,7.13,71.75
2002-01-01,Salt Lake City,Ice Hockey,Ice Hockey,"NIKOLISHIN, Andrei",Men,Ice Hockey,Bronze,Russia,RUS,144096812.0,9092.580536068841,winter,7.63,7.5,8.25,7.25,4.88,7.5,6.0,7.88,2.0,7.75,7.13,71.75
2002-01-01,Salt Lake City,Ice Hockey,Ice Hockey,"PODOMATSKY, Yegor",Men,Ice Hockey,Bronze,Russia,RUS,144096812.0,9092.580536068841,winter,7.63,7.5,8.25,7.25,4.88,7.5,6.0,7.88,2.0,7.75,7.13,71.75
2002-01-01,Salt Lake City,Ice Hockey,Ice Hockey,"SAMSONOV, Sergei",Men,Ice Hockey,Bronze,Russia,RUS,144096812.0,9092.580536068841,winter,7.63,7.5,8.25,7.25,4.88,7.5,6.0,7.88,2.0,7.75,7.13,71.75
2002-01-01,Salt Lake City,Ice Hockey,Ice Hockey,"TVERDOVSKIY, Oleg",Men,Ice Hockey,Bronze,Russia,RUS,144096812.0,9092.580536068841,winter,7.63,7.5,8.25,7.25,4.88,7.5,6.0,7.88,2.0,7.75,7.13,71.75
2002-01-01,Salt Lake City,Ice Hockey,Ice Hockey,"YASHIN, Alexei",Men,Ice Hockey,Bronze,Russia,RUS,144096812.0,9092.580536068841,winter,7.63,7.5,8.25,7.25,4.88,7.5,6.0,7.88,2.0,7.75,7.13,71.75
2002-01-01,Salt Lake City,Ice Hockey,Ice Hockey,"ZHAMNOV, Alexey",Men,Ice Hockey,Bronze,Russia,RUS,144096812.0,9092.580536068841,winter,7.63,7.5,8.25,7.25,4.88,7.5,6.0,7.88,2.0,7.75,7.13,71.75
2002-01-01,Salt Lake City,Ice Hockey,Ice Hockey,"BELFOUR, Ed",Men,Ice Hockey,Gold,Canada,CAN,35851774.0,43248.529909341,winter,7.63,7.5,8.25,7.25,4.88,7.5,6.0,7.88,2.0,7.75,7.13,71.75
2002-01-01,Salt Lake City,Ice Hockey,Ice Hockey,"BLAKE, Rob",Men,Ice Hockey,Gold,Canada,CAN,35851774.0,43248.529909341,winter,7.63,7.5,8.25,7.25,4.88,7.5,6.0,7.88,2.0,7.75,7.13,71.75
2002-01-01,Salt Lake City,Ice Hockey,Ice Hockey,"BREWER, Eric",Men,Ice Hockey,Gold,Canada,CAN,35851774.0,43248.529909341,winter,7.63,7.5,8.25,7.25,4.88,7.5,6.0,7.88,2.0,7.75,7.13,71.75
2002-01-01,Salt Lake City,Ice Hockey,Ice Hockey,"BRODEUR, Martin",Men,Ice Hockey,Gold,Canada,CAN,35851774.0,43248.529909341,winter,7.63,7.5,8.25,7.25,4.88,7.5,6.0,7.88,2.0,7.75,7.13,71.75
2002-01-01,Salt Lake City,Ice Hockey,Ice Hockey,"FLEURY, Theo",Men,Ice Hockey,Gold,Canada,CAN,35851774.0,43248.529909341,winter,7.63,7.5,8.25,7.25,4.88,7.5,6.0,7.88,2.0,7.75,7.13,71.75
2002-01-01,Salt Lake City,Ice Hockey,Ice Hockey,"FOOTE, Adam",Men,Ice Hockey,Gold,Canada,CAN,35851774.0,43248.529909341,winter,7.63,7.5,8.25,7.25,4.88,7.5,6.0,7.88,2.0,7.75,7.13,71.75
2002-01-01,Salt Lake City,Ice Hockey,Ice Hockey,"GAGNE, Simon",Men,Ice Hockey,Gold,Canada,CAN,35851774.0,43248.529909341,winter,7.63,7.5,8.25,7.25,4.88,7.5,6.0,7.88,2.0,7.75,7.13,71.75
2002-01-01,Salt Lake City,Ice Hockey,Ice Hockey,"IGINLA, Jarome",Men,Ice Hockey,Gold,Canada,CAN,35851774.0,43248.529909341,winter,7.63,7.5,8.25,7.25,4.88,7.5,6.0,7.88,2.0,7.75,7.13,71.75
2002-01-01,Salt Lake City,Ice Hockey,Ice Hockey,"JOSEPH, Curtis",Men,Ice Hockey,Gold,Canada,CAN,35851774.0,43248.529909341,winter,7.63,7.5,8.25,7.25,4.88,7.5,6.0,7.88,2.0,7.75,7.13,71.75
2002-01-01,Salt Lake City,Ice Hockey,Ice Hockey,"JOVANOVSKI, Ed",Men,Ice Hockey,Gold,Canada,CAN,35851774.0,43248.529909341,winter,7.63,7.5,8.25,7.25,4.88,7.5,6.0,7.88,2.0,7.75,7.13,71.75
2002-01-01,Salt Lake City,Ice Hockey,Ice Hockey,"KARIYA, Paul",Men,Ice Hockey,Gold,Canada,CAN,35851774.0,43248.529909341,winter,7.63,7.5,8.25,7.25,4.88,7.5,6.0,7.88,2.0,7.75,7.13,71.75
2002-01-01,Salt Lake City,Ice Hockey,Ice Hockey,"LEMIEUX, Mario",Men,Ice Hockey,Gold,Canada,CAN,35851774.0,43248.529909341,winter,7.63,7.5,8.25,7.25,4.88,7.5,6.0,7.88,2.0,7.75,7.13,71.75
2002-01-01,Salt Lake City,Ice Hockey,Ice Hockey,"LINDROS, Eric",Men,Ice Hockey,Gold,Canada,CAN,35851774.0,43248.529909341,winter,7.63,7.5,8.25,7.25,4.88,7.5,6.0,7.88,2.0,7.75,7.13,71.75
2002-01-01,Salt Lake City,Ice Hockey,Ice Hockey,"MACINNIS, Al",Men,Ice Hockey,Gold,Canada,CAN,35851774.0,43248.529909341,winter,7.63,7.5,8.25,7.25,4.88,7.5,6.0,7.88,2.0,7.75,7.13,71.75
2002-01-01,Salt Lake City,Ice Hockey,Ice Hockey,"NIEDERMAYER, Scott",Men,Ice Hockey,Gold,Canada,CAN,35851774.0,43248.529909341,winter,7.63,7.5,8.25,7.25,4.88,7.5,6.0,7.88,2.0,7.75,7.13,71.75
2002-01-01,Salt Lake City,Ice Hockey,Ice Hockey,"NIEUWENDYK, Joe",Men,Ice Hockey,Gold,Canada,CAN,35851774.0,43248.529909341,winter,7.63,7.5,8.25,7.25,4.88,7.5,6.0,7.88,2.0,7.75,7.13,71.75
2002-01-01,Salt Lake City,Ice Hockey,Ice Hockey,"NOLAN, Owen",Men,Ice Hockey,Gold,Canada,CAN,35851774.0,43248.529909341,winter,7.63,7.5,8.25,7.25,4.88,7.5,6.0,7.88,2.0,7.75,7.13,71.75
2002-01-01,Salt Lake City,Ice Hockey,Ice Hockey,"PECA, Mike",Men,Ice Hockey,Gold,Canada,CAN,35851774.0,43248.529909341,winter,7.63,7.5,8.25,7.25,4.88,7.5,6.0,7.88,2.0,7.75,7.13,71.75
2002-01-01,Salt Lake City,Ice Hockey,Ice Hockey,"PRONGER, Chris",Men,Ice Hockey,Gold,Canada,CAN,35851774.0,43248.529909341,winter,7.63,7.5,8.25,7.25,4.88,7.5,6.0,7.88,2.0,7.75,7.13,71.75
2002-01-01,Salt Lake City,Ice Hockey,Ice Hockey,"SAKIC, Joe",Men,Ice Hockey,Gold,Canada,CAN,35851774.0,43248.529909341,winter,7.63,7.5,8.25,7.25,4.88,7.5,6.0,7.88,2.0,7.75,7.13,71.75
2002-01-01,Salt Lake City,Ice Hockey,Ice Hockey,"SHANAHAN, Brendan",Men,Ice Hockey,Gold,Canada,CAN,35851774.0,43248.529909341,winter,7.63,7.5,8.25,7.25,4.88,7.5,6.0,7.88,2.0,7.75,7.13,71.75
2002-01-01,Salt Lake City,Ice Hockey,Ice Hockey,"SMYTH, Ryan",Men,Ice Hockey,Gold,Canada,CAN,35851774.0,43248.529909341,winter,7.63,7.5,8.25,7.25,4.88,7.5,6.0,7.88,2.0,7.75,7.13,71.75
2002-01-01,Salt Lake City,Ice Hockey,Ice Hockey,"YZERMAN, Steve",Men,Ice Hockey,Gold,Canada,CAN,35851774.0,43248.529909341,winter,7.63,7.5,8.25,7.25,4.88,7.5,6.0,7.88,2.0,7.75,7.13,71.75
2002-01-01,Salt Lake City,Ice Hockey,Ice Hockey,"AMONTE, Tony",Men,Ice Hockey,Silver,United States,USA,321418820.0,56115.7184261955,winter,7.63,7.5,8.25,7.25,4.88,7.5,6.0,7.88,2.0,7.75,7.13,71.75
2002-01-01,Salt Lake City,Ice Hockey,Ice Hockey,"BARRASSO, Tom",Men,Ice Hockey,Silver,United States,USA,321418820.0,56115.7184261955,winter,7.63,7.5,8.25,7.25,4.88,7.5,6.0,7.88,2.0,7.75,7.13,71.75
2002-01-01,Salt Lake City,Ice Hockey,Ice Hockey,"CHELIOS, Chris",Men,Ice Hockey,Silver,United States,USA,321418820.0,56115.7184261955,winter,7.63,7.5,8.25,7.25,4.88,7.5,6.0,7.88,2.0,7.75,7.13,71.75
2002-01-01,Salt Lake City,Ice Hockey,Ice Hockey,"DEADMARSH, Adam",Men,Ice Hockey,Silver,United States,USA,321418820.0,56115.7184261955,winter,7.63,7.5,8.25,7.25,4.88,7.5,6.0,7.88,2.0,7.75,7.13,71.75
2002-01-01,Salt Lake City,Ice Hockey,Ice Hockey,"DRURY, Chris",Men,Ice Hockey,Silver,United States,USA,321418820.0,56115.7184261955,winter,7.63,7.5,8.25,7.25,4.88,7.5,6.0,7.88,2.0,7.75,7.13,71.75
2002-01-01,Salt Lake City,Ice Hockey,Ice Hockey,"DUNHAM, Mike",Men,Ice Hockey,Silver,United States,USA,321418820.0,56115.7184261955,winter,7.63,7.5,8.25,7.25,4.88,7.5,6.0,7.88,2.0,7.75,7.13,71.75
2002-01-01,Salt Lake City,Ice Hockey,Ice Hockey,"GUERIN, Bill",Men,Ice Hockey,Silver,United States,USA,321418820.0,56115.7184261955,winter,7.63,7.5,8.25,7.25,4.88,7.5,6.0,7.88,2.0,7.75,7.13,71.75
2002-01-01,Salt Lake City,Ice Hockey,Ice Hockey,"HOUSLEY, Phil",Men,Ice Hockey,Silver,United States,USA,321418820.0,56115.7184261955,winter,7.63,7.5,8.25,7.25,4.88,7.5,6.0,7.88,2.0,7.75,7.13,71.75
2002-01-01,Salt Lake City,Ice Hockey,Ice Hockey,"HULL, Brett",Men,Ice Hockey,Silver,United States,USA,321418820.0,56115.7184261955,winter,7.63,7.5,8.25,7.25,4.88,7.5,6.0,7.88,2.0,7.75,7.13,71.75
2002-01-01,Salt Lake City,Ice Hockey,Ice Hockey,"LECLAIR, John",Men,Ice Hockey,Silver,United States,USA,321418820.0,56115.7184261955,winter,7.63,7.5,8.25,7.25,4.88,7.5,6.0,7.88,2.0,7.75,7.13,71.75
2002-01-01,Salt Lake City,Ice Hockey,Ice Hockey,"LEETCH, Brian",Men,Ice Hockey,Silver,United States,USA,321418820.0,56115.7184261955,winter,7.63,7.5,8.25,7.25,4.88,7.5,6.0,7.88,2.0,7.75,7.13,71.75
2002-01-01,Salt Lake City,Ice Hockey,Ice Hockey,"MILLER, Aaron",Men,Ice Hockey,Silver,United States,USA,321418820.0,56115.7184261955,winter,7.63,7.5,8.25,7.25,4.88,7.5,6.0,7.88,2.0,7.75,7.13,71.75
2002-01-01,Salt Lake City,Ice Hockey,Ice Hockey,"MODANO, Mike",Men,Ice Hockey,Silver,United States,USA,321418820.0,56115.7184261955,winter,7.63,7.5,8.25,7.25,4.88,7.5,6.0,7.88,2.0,7.75,7.13,71.75
2002-01-01,Salt Lake City,Ice Hockey,Ice Hockey,"POTI, Tom",Men,Ice Hockey,Silver,United States,USA,321418820.0,56115.7184261955,winter,7.63,7.5,8.25,7.25,4.88,7.5,6.0,7.88,2.0,7.75,7.13,71.75
2002-01-01,Salt Lake City,Ice Hockey,Ice Hockey,"RAFALSKI, Brian",Men,Ice Hockey,Silver,United States,USA,321418820.0,56115.7184261955,winter,7.63,7.5,8.25,7.25,4.88,7.5,6.0,7.88,2.0,7.75,7.13,71.75
2002-01-01,Salt Lake City,Ice Hockey,Ice Hockey,"RICHTER, Mike",Men,Ice Hockey,Silver,United States,USA,321418820.0,56115.7184261955,winter,7.63,7.5,8.25,7.25,4.88,7.5,6.0,7.88,2.0,7.75,7.13,71.75
2002-01-01,Salt Lake City,Ice Hockey,Ice Hockey,"ROENICK, Jeremy",Men,Ice Hockey,Silver,United States,USA,321418820.0,56115.7184261955,winter,7.63,7.5,8.25,7.25,4.88,7.5,6.0,7.88,2.0,7.75,7.13,71.75
2002-01-01,Salt Lake City,Ice Hockey,Ice Hockey,"ROLSTON, Brian",Men,Ice Hockey,Silver,United States,USA,321418820.0,56115.7184261955,winter,7.63,7.5,8.25,7.25,4.88,7.5,6.0,7.88,2.0,7.75,7.13,71.75
2002-01-01,Salt Lake City,Ice Hockey,Ice Hockey,"SUTER, Gary",Men,Ice Hockey,Silver,United States,USA,321418820.0,56115.7184261955,winter,7.63,7.5,8.25,7.25,4.88,7.5,6.0,7.88,2.0,7.75,7.13,71.75
2002-01-01,Salt Lake City,Ice Hockey,Ice Hockey,"TKACHUK, Keith",Men,Ice Hockey,Silver,United States,USA,321418820.0,56115.7184261955,winter,7.63,7.5,8.25,7.25,4.88,7.5,6.0,7.88,2.0,7.75,7.13,71.75
2002-01-01,Salt Lake City,Ice Hockey,Ice Hockey,"WEIGHT, Doug",Men,Ice Hockey,Silver,United States,USA,321418820.0,56115.7184261955,winter,7.63,7.5,8.25,7.25,4.88,7.5,6.0,7.88,2.0,7.75,7.13,71.75
2002-01-01,Salt Lake City,Ice Hockey,Ice Hockey,"YORK, Mike",Men,Ice Hockey,Silver,United States,USA,321418820.0,56115.7184261955,winter,7.63,7.5,8.25,7.25,4.88,7.5,6.0,7.88,2.0,7.75,7.13,71.75
2002-01-01,Salt Lake City,Ice Hockey,Ice Hockey,"YOUNG, Scott",Men,Ice Hockey,Silver,United States,USA,321418820.0,56115.7184261955,winter,7.63,7.5,8.25,7.25,4.88,7.5,6.0,7.88,2.0,7.75,7.13,71.75
2002-01-01,Salt Lake City,Ice Hockey,Ice Hockey,"AHLEN, Annica",Women,Ice Hockey,Bronze,Sweden,SWE,9798871.0,50579.67364867769,winter,7.63,7.5,8.25,7.25,4.88,7.5,6.0,7.88,2.0,7.75,7.13,71.75
2002-01-01,Salt Lake City,Ice Hockey,Ice Hockey,"ALMBLAD, Lotta",Women,Ice Hockey,Bronze,Sweden,SWE,9798871.0,50579.67364867769,winter,7.63,7.5,8.25,7.25,4.88,7.5,6.0,7.88,2.0,7.75,7.13,71.75
2002-01-01,Salt Lake City,Ice Hockey,Ice Hockey,"ANDERSSON, Anna",Women,Ice Hockey,Bronze,Sweden,SWE,9798871.0,50579.67364867769,winter,7.63,7.5,8.25,7.25,4.88,7.5,6.0,7.88,2.0,7.75,7.13,71.75
2002-01-01,Salt Lake City,Ice Hockey,Ice Hockey,"ANDERSSON, Gunilla",Women,Ice Hockey,Bronze,Sweden,SWE,9798871.0,50579.67364867769,winter,7.63,7.5,8.25,7.25,4.88,7.5,6.0,7.88,2.0,7.75,7.13,71.75
2002-01-01,Salt Lake City,Ice Hockey,Ice Hockey,"BERGGREN, Emelie",Women,Ice Hockey,Bronze,Sweden,SWE,9798871.0,50579.67364867769,winter,7.63,7.5,8.25,7.25,4.88,7.5,6.0,7.88,2.0,7.75,7.13,71.75
2002-01-01,Salt Lake City,Ice Hockey,Ice Hockey,"BERGSTRAND, Kristina",Women,Ice Hockey,Bronze,Sweden,SWE,9798871.0,50579.67364867769,winter,7.63,7.5,8.25,7.25,4.88,7.5,6.0,7.88,2.0,7.75,7.13,71.75
2002-01-01,Salt Lake City,Ice Hockey,Ice Hockey,"EDSTRAND, Ann-Louise",Women,Ice Hockey,Bronze,Sweden,SWE,9798871.0,50579.67364867769,winter,7.63,7.5,8.25,7.25,4.88,7.5,6.0,7.88,2.0,7.75,7.13,71.75
2002-01-01,Salt Lake City,Ice Hockey,Ice Hockey,"ELFSBERG, Joa",Women,Ice Hockey,Bronze,Sweden,SWE,9798871.0,50579.67364867769,winter,7.63,7.5,8.25,7.25,4.88,7.5,6.0,7.88,2.0,7.75,7.13,71.75
2002-01-01,Salt Lake City,Ice Hockey,Ice Hockey,"HOLST, Erika",Women,Ice Hockey,Bronze,Sweden,SWE,9798871.0,50579.67364867769,winter,7.63,7.5,8.25,7.25,4.88,7.5,6.0,7.88,2.0,7.75,7.13,71.75
2002-01-01,Salt Lake City,Ice Hockey,Ice Hockey,"JANSSON, Nanna",Women,Ice Hockey,Bronze,Sweden,SWE,9798871.0,50579.67364867769,winter,7.63,7.5,8.25,7.25,4.88,7.5,6.0,7.88,2.0,7.75,7.13,71.75
2002-01-01,Salt Lake City,Ice Hockey,Ice Hockey,"LARSSON, Maria",Women,Ice Hockey,Bronze,Sweden,SWE,9798871.0,50579.67364867769,winter,7.63,7.5,8.25,7.25,4.88,7.5,6.0,7.88,2.0,7.75,7.13,71.75
2002-01-01,Salt Lake City,Ice Hockey,Ice Hockey,"LINDBERG, Ylva",Women,Ice Hockey,Bronze,Sweden,SWE,9798871.0,50579.67364867769,winter,7.63,7.5,8.25,7.25,4.88,7.5,6.0,7.88,2.0,7.75,7.13,71.75
2002-01-01,Salt Lake City,Ice Hockey,Ice Hockey,"LINDSTROM, Ulrica",Women,Ice Hockey,Bronze,Sweden,SWE,9798871.0,50579.67364867769,winter,7.63,7.5,8.25,7.25,4.88,7.5,6.0,7.88,2.0,7.75,7.13,71.75
2002-01-01,Salt Lake City,Ice Hockey,Ice Hockey,"MARTIN, Kim",Women,Ice Hockey,Bronze,Sweden,SWE,9798871.0,50579.67364867769,winter,7.63,7.5,8.25,7.25,4.88,7.5,6.0,7.88,2.0,7.75,7.13,71.75
2002-01-01,Salt Lake City,Ice Hockey,Ice Hockey,"PETTERSSON, Josefin",Women,Ice Hockey,Bronze,Sweden,SWE,9798871.0,50579.67364867769,winter,7.63,7.5,8.25,7.25,4.88,7.5,6.0,7.88,2.0,7.75,7.13,71.75
2002-01-01,Salt Lake City,Ice Hockey,Ice Hockey,"ROOTH, Maria",Women,Ice Hockey,Bronze,Sweden,SWE,9798871.0,50579.67364867769,winter,7.63,7.5,8.25,7.25,4.88,7.5,6.0,7.88,2.0,7.75,7.13,71.75
2002-01-01,Salt Lake City,Ice Hockey,Ice Hockey,"RUNDQVIST, Danijela",Women,Ice Hockey,Bronze,Sweden,SWE,9798871.0,50579.67364867769,winter,7.63,7.5,8.25,7.25,4.88,7.5,6.0,7.88,2.0,7.75,7.13,71.75
2002-01-01,Salt Lake City,Ice Hockey,Ice Hockey,"SAMUELSSON, Evelina",Women,Ice Hockey,Bronze,Sweden,SWE,9798871.0,50579.67364867769,winter,7.63,7.5,8.25,7.25,4.88,7.5,6.0,7.88,2.0,7.75,7.13,71.75
2002-01-01,Salt Lake City,Ice Hockey,Ice Hockey,"SJOLANDER, Therese",Women,Ice Hockey,Bronze,Sweden,SWE,9798871.0,50579.67364867769,winter,7.63,7.5,8.25,7.25,4.88,7.5,6.0,7.88,2.0,7.75,7.13,71.75
2002-01-01,Salt Lake City,Ice Hockey,Ice Hockey,"VIKMAN, Anna",Women,Ice Hockey,Bronze,Sweden,SWE,9798871.0,50579.67364867769,winter,7.63,7.5,8.25,7.25,4.88,7.5,6.0,7.88,2.0,7.75,7.13,71.75
2002-01-01,Salt Lake City,Ice Hockey,Ice Hockey,"ANTAL, Dana",Women,Ice Hockey,Gold,Canada,CAN,35851774.0,43248.529909341,winter,7.63,7.5,8.25,7.25,4.88,7.5,6.0,7.88,2.0,7.75,7.13,71.75
2002-01-01,Salt Lake City,Ice Hockey,Ice Hockey,"BECHARD, Kelly",Women,Ice Hockey,Gold,Canada,CAN,35851774.0,43248.529909341,winter,7.63,7.5,8.25,7.25,4.88,7.5,6.0,7.88,2.0,7.75,7.13,71.75
2002-01-01,Salt Lake City,Ice Hockey,Ice Hockey,"BOTTERILL, Jennifer",Women,Ice Hockey,Gold,Canada,CAN,35851774.0,43248.529909341,winter,7.63,7.5,8.25,7.25,4.88,7.5,6.0,7.88,2.0,7.75,7.13,71.75
2002-01-01,Salt Lake City,Ice Hockey,Ice Hockey,"BRISSON, Therese",Women,Ice Hockey,Gold,Canada,CAN,35851774.0,43248.529909341,winter,7.63,7.5,8.25,7.25,4.88,7.5,6.0,7.88,2.0,7.75,7.13,71.75
2002-01-01,Salt Lake City,Ice Hockey,Ice Hockey,"CAMPBELL, Cassie",Women,Ice Hockey,Gold,Canada,CAN,35851774.0,43248.529909341,winter,7.63,7.5,8.25,7.25,4.88,7.5,6.0,7.88,2.0,7.75,7.13,71.75
2002-01-01,Salt Lake City,Ice Hockey,Ice Hockey,"CHARTRAND, Isabelle",Women,Ice Hockey,Gold,Canada,CAN,35851774.0,43248.529909341,winter,7.63,7.5,8.25,7.25,4.88,7.5,6.0,7.88,2.0,7.75,7.13,71.75
2002-01-01,Salt Lake City,Ice Hockey,Ice Hockey,"DUPUIS, Lori",Women,Ice Hockey,Gold,Canada,CAN,35851774.0,43248.529909341,winter,7.63,7.5,8.25,7.25,4.88,7.5,6.0,7.88,2.0,7.75,7.13,71.75
2002-01-01,Salt Lake City,Ice Hockey,Ice Hockey,"GOYETTE, Danielle",Women,Ice Hockey,Gold,Canada,CAN,35851774.0,43248.529909341,winter,7.63,7.5,8.25,7.25,4.88,7.5,6.0,7.88,2.0,7.75,7.13,71.75
2002-01-01,Salt Lake City,Ice Hockey,Ice Hockey,"HEANEY, Geraldine",Women,Ice Hockey,Gold,Canada,CAN,35851774.0,43248.529909341,winter,7.63,7.5,8.25,7.25,4.88,7.5,6.0,7.88,2.0,7.75,7.13,71.75
2002-01-01,Salt Lake City,Ice Hockey,Ice Hockey,"HEFFORD, Jayna",Women,Ice Hockey,Gold,Canada,CAN,35851774.0,43248.529909341,winter,7.63,7.5,8.25,7.25,4.88,7.5,6.0,7.88,2.0,7.75,7.13,71.75
2002-01-01,Salt Lake City,Ice Hockey,Ice Hockey,"KELLAR, Becky",Women,Ice Hockey,Gold,Canada,CAN,35851774.0,43248.529909341,winter,7.63,7.5,8.25,7.25,4.88,7.5,6.0,7.88,2.0,7.75,7.13,71.75
2002-01-01,Salt Lake City,Ice Hockey,Ice Hockey,"OUELLETTE, Caroline",Women,Ice Hockey,Gold,Canada,CAN,35851774.0,43248.529909341,winter,7.63,7.5,8.25,7.25,4.88,7.5,6.0,7.88,2.0,7.75,7.13,71.75
2002-01-01,Salt Lake City,Ice Hockey,Ice Hockey,"PIPER, Cherie",Women,Ice Hockey,Gold,Canada,CAN,35851774.0,43248.529909341,winter,7.63,7.5,8.25,7.25,4.88,7.5,6.0,7.88,2.0,7.75,7.13,71.75
2002-01-01,Salt Lake City,Ice Hockey,Ice Hockey,"POUNDER, Cheryl",Women,Ice Hockey,Gold,Canada,CAN,35851774.0,43248.529909341,winter,7.63,7.5,8.25,7.25,4.88,7.5,6.0,7.88,2.0,7.75,7.13,71.75
2002-01-01,Salt Lake City,Ice Hockey,Ice Hockey,"SHEWCHUK, Tammy Lee",Women,Ice Hockey,Gold,Canada,CAN,35851774.0,43248.529909341,winter,7.63,7.5,8.25,7.25,4.88,7.5,6.0,7.88,2.0,7.75,7.13,71.75
2002-01-01,Salt Lake City,Ice Hockey,Ice Hockey,"SMALL, Sami Jo",Women,Ice Hockey,Gold,Canada,CAN,35851774.0,43248.529909341,winter,7.63,7.5,8.25,7.25,4.88,7.5,6.0,7.88,2.0,7.75,7.13,71.75
2002-01-01,Salt Lake City,Ice Hockey,Ice Hockey,"SOSTORICS, Colleen",Women,Ice Hockey,Gold,Canada,CAN,35851774.0,43248.529909341,winter,7.63,7.5,8.25,7.25,4.88,7.5,6.0,7.88,2.0,7.75,7.13,71.75
2002-01-01,Salt Lake City,Ice Hockey,Ice Hockey,"ST-PIERRE, Kim",Women,Ice Hockey,Gold,Canada,CAN,35851774.0,43248.529909341,winter,7.63,7.5,8.25,7.25,4.88,7.5,6.0,7.88,2.0,7.75,7.13,71.75
2002-01-01,Salt Lake City,Ice Hockey,Ice Hockey,"SUNOHARA, Vicky",Women,Ice Hockey,Gold,Canada,CAN,35851774.0,43248.529909341,winter,7.63,7.5,8.25,7.25,4.88,7.5,6.0,7.88,2.0,7.75,7.13,71.75
2002-01-01,Salt Lake City,Ice Hockey,Ice Hockey,"WICKENHEISER, Hayley",Women,Ice Hockey,Gold,Canada,CAN,35851774.0,43248.529909341,winter,7.63,7.5,8.25,7.25,4.88,7.5,6.0,7.88,2.0,7.75,7.13,71.75
2002-01-01,Salt Lake City,Ice Hockey,Ice Hockey,"BAILEY, Chris",Women,Ice Hockey,Silver,United States,USA,321418820.0,56115.7184261955,winter,7.63,7.5,8.25,7.25,4.88,7.5,6.0,7.88,2.0,7.75,7.13,71.75
2002-01-01,Salt Lake City,Ice Hockey,Ice Hockey,"BAKER, Laurie",Women,Ice Hockey,Silver,United States,USA,321418820.0,56115.7184261955,winter,7.63,7.5,8.25,7.25,4.88,7.5,6.0,7.88,2.0,7.75,7.13,71.75
2002-01-01,Salt Lake City,Ice Hockey,Ice Hockey,"BYE, Karyn",Women,Ice Hockey,Silver,United States,USA,321418820.0,56115.7184261955,winter,7.63,7.5,8.25,7.25,4.88,7.5,6.0,7.88,2.0,7.75,7.13,71.75
2002-01-01,Salt Lake City,Ice Hockey,Ice Hockey,"CHU, Julie",Women,Ice Hockey,Silver,United States,USA,321418820.0,56115.7184261955,winter,7.63,7.5,8.25,7.25,4.88,7.5,6.0,7.88,2.0,7.75,7.13,71.75
2002-01-01,Salt Lake City,Ice Hockey,Ice Hockey,"DARWITZ, Natalie",Women,Ice Hockey,Silver,United States,USA,321418820.0,56115.7184261955,winter,7.63,7.5,8.25,7.25,4.88,7.5,6.0,7.88,2.0,7.75,7.13,71.75
2002-01-01,Salt Lake City,Ice Hockey,Ice Hockey,"DECOSTA, Sara",Women,Ice Hockey,Silver,United States,USA,321418820.0,56115.7184261955,winter,7.63,7.5,8.25,7.25,4.88,7.5,6.0,7.88,2.0,7.75,7.13,71.75
2002-01-01,Salt Lake City,Ice Hockey,Ice Hockey,"DUNN-LUOMA, Tricia",Women,Ice Hockey,Silver,United States,USA,321418820.0,56115.7184261955,winter,7.63,7.5,8.25,7.25,4.88,7.5,6.0,7.88,2.0,7.75,7.13,71.75
2002-01-01,Salt Lake City,Ice Hockey,Ice Hockey,"GRANATO, Cammi",Women,Ice Hockey,Silver,United States,USA,321418820.0,56115.7184261955,winter,7.63,7.5,8.25,7.25,4.88,7.5,6.0,7.88,2.0,7.75,7.13,71.75
2002-01-01,Salt Lake City,Ice Hockey,Ice Hockey,"KENNEDY, Courtney",Women,Ice Hockey,Silver,United States,USA,321418820.0,56115.7184261955,winter,7.63,7.5,8.25,7.25,4.88,7.5,6.0,7.88,2.0,7.75,7.13,71.75
2002-01-01,Salt Lake City,Ice Hockey,Ice Hockey,"KILBOURNE, Andrea",Women,Ice Hockey,Silver,United States,USA,321418820.0,56115.7184261955,winter,7.63,7.5,8.25,7.25,4.88,7.5,6.0,7.88,2.0,7.75,7.13,71.75
2002-01-01,Salt Lake City,Ice Hockey,Ice Hockey,"KING, Katie",Women,Ice Hockey,Silver,United States,USA,321418820.0,56115.7184261955,winter,7.63,7.5,8.25,7.25,4.88,7.5,6.0,7.88,2.0,7.75,7.13,71.75
2002-01-01,Salt Lake City,Ice Hockey,Ice Hockey,"LOONEY, Shelley",Women,Ice Hockey,Silver,United States,USA,321418820.0,56115.7184261955,winter,7.63,7.5,8.25,7.25,4.88,7.5,6.0,7.88,2.0,7.75,7.13,71.75
2002-01-01,Salt Lake City,Ice Hockey,Ice Hockey,"MERZ, Sue",Women,Ice Hockey,Silver,United States,USA,321418820.0,56115.7184261955,winter,7.63,7.5,8.25,7.25,4.88,7.5,6.0,7.88,2.0,7.75,7.13,71.75
2002-01-01,Salt Lake City,Ice Hockey,Ice Hockey,"MLECZKO, Allison",Women,Ice Hockey,Silver,United States,USA,321418820.0,56115.7184261955,winter,7.63,7.5,8.25,7.25,4.88,7.5,6.0,7.88,2.0,7.75,7.13,71.75
2002-01-01,Salt Lake City,Ice Hockey,Ice Hockey,"MOUNSEY, Tara",Women,Ice Hockey,Silver,United States,USA,321418820.0,56115.7184261955,winter,7.63,7.5,8.25,7.25,4.88,7.5,6.0,7.88,2.0,7.75,7.13,71.75
2002-01-01,Salt Lake City,Ice Hockey,Ice Hockey,"POTTER, Jenny",Women,Ice Hockey,Silver,United States,USA,321418820.0,56115.7184261955,winter,7.63,7.5,8.25,7.25,4.88,7.5,6.0,7.88,2.0,7.75,7.13,71.75
2002-01-01,Salt Lake City,Ice Hockey,Ice Hockey,"RUGGIERO, Angela",Women,Ice Hockey,Silver,United States,USA,321418820.0,56115.7184261955,winter,7.63,7.5,8.25,7.25,4.88,7.5,6.0,7.88,2.0,7.75,7.13,71.75
2002-01-01,Salt Lake City,Ice Hockey,Ice Hockey,"TUETING, Sarah",Women,Ice Hockey,Silver,United States,USA,321418820.0,56115.7184261955,winter,7.63,7.5,8.25,7.25,4.88,7.5,6.0,7.88,2.0,7.75,7.13,71.75
2002-01-01,Salt Lake City,Ice Hockey,Ice Hockey,"WALL, Lyndsay",Women,Ice Hockey,Silver,United States,USA,321418820.0,56115.7184261955,winter,7.63,7.5,8.25,7.25,4.88,7.5,6.0,7.88,2.0,7.75,7.13,71.75
2002-01-01,Salt Lake City,Ice Hockey,Ice Hockey,"WENDELL, Krissy",Women,Ice Hockey,Silver,United States,USA,321418820.0,56115.7184261955,winter,7.63,7.5,8.25,7.25,4.88,7.5,6.0,7.88,2.0,7.75,7.13,71.75
2002-01-01,Salt Lake City,Skating,Figure skating,"FUSAR POLI, Barbara",Women,Ice Dancing,Bronze,Italy,ITA,60802085.0,29957.804315437203,winter,6.88,4.25,4.0,6.38,8.25,3.13,4.88,6.63,19.0,5.13,5.25,54.75
2002-01-01,Salt Lake City,Skating,Figure skating,"MARGAGLIO, Maurizio",Men,Ice Dancing,Bronze,Italy,ITA,60802085.0,29957.804315437203,winter,6.88,4.25,4.0,6.38,8.25,3.13,4.88,6.63,19.0,5.13,5.25,54.75
2002-01-01,Salt Lake City,Skating,Figure skating,"ANISSINA, Marina",Women,Ice Dancing,Gold,France,FRA,66808385.0,36205.5681017036,winter,6.88,4.25,4.0,6.38,8.25,3.13,4.88,6.63,19.0,5.13,5.25,54.75
2002-01-01,Salt Lake City,Skating,Figure skating,"PEIZERAT, Gwendal",Men,Ice Dancing,Gold,France,FRA,66808385.0,36205.5681017036,winter,6.88,4.25,4.0,6.38,8.25,3.13,4.88,6.63,19.0,5.13,5.25,54.75
2002-01-01,Salt Lake City,Skating,Figure skating,"AVERBUKH, Ilia",Men,Ice Dancing,Silver,Russia,RUS,144096812.0,9092.580536068841,winter,6.88,4.25,4.0,6.38,8.25,3.13,4.88,6.63,19.0,5.13,5.25,54.75
2002-01-01,Salt Lake City,Skating,Figure skating,"LOBACHEVA, Irina",Women,Ice Dancing,Silver,Russia,RUS,144096812.0,9092.580536068841,winter,6.88,4.25,4.0,6.38,8.25,3.13,4.88,6.63,19.0,5.13,5.25,54.75
2002-01-01,Salt Lake City,Skating,Figure skating,"GOEBEL, Timothy",Men,Individual,Bronze,United States,USA,321418820.0,56115.7184261955,winter,6.88,4.25,4.0,6.38,8.25,3.13,4.88,6.63,19.0,5.13,5.25,54.75
2002-01-01,Salt Lake City,Skating,Figure skating,"YAGUDIN, Alexei",Men,Individual,Gold,Russia,RUS,144096812.0,9092.580536068841,winter,6.88,4.25,4.0,6.38,8.25,3.13,4.88,6.63,19.0,5.13,5.25,54.75
2002-01-01,Salt Lake City,Skating,Figure skating,"PLYUSHCHENKO, Evgeny",Men,Individual,Silver,Russia,RUS,144096812.0,9092.580536068841,winter,6.88,4.25,4.0,6.38,8.25,3.13,4.88,6.63,19.0,5.13,5.25,54.75
2002-01-01,Salt Lake City,Skating,Figure skating,"KWAN, Michelle",Women,Individual,Bronze,United States,USA,321418820.0,56115.7184261955,winter,6.88,4.25,4.0,6.38,8.25,3.13,4.88,6.63,19.0,5.13,5.25,54.75
2002-01-01,Salt Lake City,Skating,Figure skating,"HUGHES, Sarah",Women,Individual,Gold,United States,USA,321418820.0,56115.7184261955,winter,6.88,4.25,4.0,6.38,8.25,3.13,4.88,6.63,19.0,5.13,5.25,54.75
2002-01-01,Salt Lake City,Skating,Figure skating,"SLUTSKAYA, Irina",Women,Individual,Silver,Russia,RUS,144096812.0,9092.580536068841,winter,6.88,4.25,4.0,6.38,8.25,3.13,4.88,6.63,19.0,5.13,5.25,54.75
2002-01-01,Salt Lake City,Skating,Figure skating,"SHEN, Xue",Women,Pairs,Bronze,China,CHN,1371220000.0,8027.6838101390695,winter,6.88,4.25,4.0,6.38,8.25,3.13,4.88,6.63,19.0,5.13,5.25,54.75
2002-01-01,Salt Lake City,Skating,Figure skating,"ZHAO, Hongbo",Men,Pairs,Bronze,China,CHN,1371220000.0,8027.6838101390695,winter,6.88,4.25,4.0,6.38,8.25,3.13,4.88,6.63,19.0,5.13,5.25,54.75
2002-01-01,Salt Lake City,Skating,Figure skating,"PELLETIER, David",Men,Pairs,Gold,Canada,CAN,35851774.0,43248.529909341,winter,6.88,4.25,4.0,6.38,8.25,3.13,4.88,6.63,19.0,5.13,5.25,54.75
2002-01-01,Salt Lake City,Skating,Figure skating,"SALE, Jamie",Women,Pairs,Gold,Canada,CAN,35851774.0,43248.529909341,winter,6.88,4.25,4.0,6.38,8.25,3.13,4.88,6.63,19.0,5.13,5.25,54.75
2002-01-01,Salt Lake City,Skating,Figure skating,"BEREZHNAYA, Elena",Women,Pairs,Gold,Russia,RUS,144096812.0,9092.580536068841,winter,6.88,4.25,4.0,6.38,8.25,3.13,4.88,6.63,19.0,5.13,5.25,54.75
2002-01-01,Salt Lake City,Skating,Figure skating,"SIKHARULIDZE, Anton",Men,Pairs,Gold,Russia,RUS,144096812.0,9092.580536068841,winter,6.88,4.25,4.0,6.38,8.25,3.13,4.88,6.63,19.0,5.13,5.25,54.75
2002-01-01,Salt Lake City,Skating,Short Track Speed Skating,"TURCOTTE, Mathieu",Men,1000M,Bronze,Canada,CAN,35851774.0,43248.529909341,winter,4.0,3.5,4.63,7.63,4.25,2.88,4.5,7.38,17.0,8.88,7.25,54.875
2002-01-01,Salt Lake City,Skating,Short Track Speed Skating,"BRADBURY, Steven",Men,1000M,Gold,Australia,AUS,23781169.0,56310.9629933721,winter,4.0,3.5,4.63,7.63,4.25,2.88,4.5,7.38,17.0,8.88,7.25,54.875
2002-01-01,Salt Lake City,Skating,Short Track Speed Skating,"OHNO, Apolo Anton",Men,1000M,Silver,United States,USA,321418820.0,56115.7184261955,winter,4.0,3.5,4.63,7.63,4.25,2.88,4.5,7.38,17.0,8.88,7.25,54.875
2002-01-01,Salt Lake City,Skating,Short Track Speed Skating,"YANG (S), Yang",Women,1000M,Bronze,China,CHN,1371220000.0,8027.6838101390695,winter,4.0,3.5,4.63,7.63,4.25,2.88,4.5,7.38,17.0,8.88,7.25,54.875
2002-01-01,Salt Lake City,Skating,Short Track Speed Skating,"YANG (A), Yang",Women,1000M,Gold,China,CHN,1371220000.0,8027.6838101390695,winter,4.0,3.5,4.63,7.63,4.25,2.88,4.5,7.38,17.0,8.88,7.25,54.875
2002-01-01,Salt Lake City,Skating,Short Track Speed Skating,"KO, Gi-Hyun",Women,1000M,Silver,"Korea, South",KOR,50617045.0,27221.524050966098,winter,4.0,3.5,4.63,7.63,4.25,2.88,4.5,7.38,17.0,8.88,7.25,54.875
2002-01-01,Salt Lake City,Skating,Short Track Speed Skating,"GAGNON, Marc",Men,1500M,Bronze,Canada,CAN,35851774.0,43248.529909341,winter,4.0,3.5,4.63,7.63,4.25,2.88,4.5,7.38,17.0,8.88,7.25,54.875
2002-01-01,Salt Lake City,Skating,Short Track Speed Skating,"OHNO, Apolo Anton",Men,1500M,Gold,United States,USA,321418820.0,56115.7184261955,winter,4.0,3.5,4.63,7.63,4.25,2.88,4.5,7.38,17.0,8.88,7.25,54.875
2002-01-01,Salt Lake City,Skating,Short Track Speed Skating,"LI, JiaJun",Men,1500M,Silver,China,CHN,1371220000.0,8027.6838101390695,winter,4.0,3.5,4.63,7.63,4.25,2.88,4.5,7.38,17.0,8.88,7.25,54.875
2002-01-01,Salt Lake City,Skating,Short Track Speed Skating,"RADANOVA, Evgenia",Women,1500M,Bronze,Bulgaria,BUL,7177991.0,6993.47735975728,winter,4.0,3.5,4.63,7.63,4.25,2.88,4.5,7.38,17.0,8.88,7.25,54.875
2002-01-01,Salt Lake City,Skating,Short Track Speed Skating,"KO, Gi-Hyun",Women,1500M,Gold,"Korea, South",KOR,50617045.0,27221.524050966098,winter,4.0,3.5,4.63,7.63,4.25,2.88,4.5,7.38,17.0,8.88,7.25,54.875
2002-01-01,Salt Lake City,Skating,Short Track Speed Skating,"CHOI, Eun-Kyung",Women,1500M,Silver,"Korea, South",KOR,50617045.0,27221.524050966098,winter,4.0,3.5,4.63,7.63,4.25,2.88,4.5,7.38,17.0,8.88,7.25,54.875
2002-01-01,Salt Lake City,Skating,Short Track Speed Skating,"CHAREST, Isabelle",Women,3000M Relay,Bronze,Canada,CAN,35851774.0,43248.529909341,winter,4.0,3.5,4.63,7.63,4.25,2.88,4.5,7.38,17.0,8.88,7.25,54.875
2002-01-01,Salt Lake City,Skating,Short Track Speed Skating,"DROLET, Marie-Eve",Women,3000M Relay,Bronze,Canada,CAN,35851774.0,43248.529909341,winter,4.0,3.5,4.63,7.63,4.25,2.88,4.5,7.38,17.0,8.88,7.25,54.875
2002-01-01,Salt Lake City,Skating,Short Track Speed Skating,"GOULET-NADON, Amelie",Women,3000M Relay,Bronze,Canada,CAN,35851774.0,43248.529909341,winter,4.0,3.5,4.63,7.63,4.25,2.88,4.5,7.38,17.0,8.88,7.25,54.875
2002-01-01,Salt Lake City,Skating,Short Track Speed Skating,"KRAUS, Alanna",Women,3000M Relay,Bronze,Canada,CAN,35851774.0,43248.529909341,winter,4.0,3.5,4.63,7.63,4.25,2.88,4.5,7.38,17.0,8.88,7.25,54.875
2002-01-01,Salt Lake City,Skating,Short Track Speed Skating,"VICENT, Tania",Women,3000M Relay,Bronze,Canada,CAN,35851774.0,43248.529909341,winter,4.0,3.5,4.63,7.63,4.25,2.88,4.5,7.38,17.0,8.88,7.25,54.875
2002-01-01,Salt Lake City,Skating,Short Track Speed Skating,"CHOI, Eun-Kyung",Women,3000M Relay,Gold,"Korea, South",KOR,50617045.0,27221.524050966098,winter,4.0,3.5,4.63,7.63,4.25,2.88,4.5,7.38,17.0,8.88,7.25,54.875
2002-01-01,Salt Lake City,Skating,Short Track Speed Skating,"CHOI, Min Kyung",Women,3000M Relay,Gold,"Korea, South",KOR,50617045.0,27221.524050966098,winter,4.0,3.5,4.63,7.63,4.25,2.88,4.5,7.38,17.0,8.88,7.25,54.875
2002-01-01,Salt Lake City,Skating,Short Track Speed Skating,"JOO, Min-Jin",Women,3000M Relay,Gold,"Korea, South",KOR,50617045.0,27221.524050966098,winter,4.0,3.5,4.63,7.63,4.25,2.88,4.5,7.38,17.0,8.88,7.25,54.875
2002-01-01,Salt Lake City,Skating,Short Track Speed Skating,"PARK, Hye-Won",Women,3000M Relay,Gold,"Korea, South",KOR,50617045.0,27221.524050966098,winter,4.0,3.5,4.63,7.63,4.25,2.88,4.5,7.38,17.0,8.88,7.25,54.875
2002-01-01,Salt Lake City,Skating,Short Track Speed Skating,"SUN, Dandan",Women,3000M Relay,Silver,China,CHN,1371220000.0,8027.6838101390695,winter,4.0,3.5,4.63,7.63,4.25,2.88,4.5,7.38,17.0,8.88,7.25,54.875
2002-01-01,Salt Lake City,Skating,Short Track Speed Skating,"WANG, Chunlu",Women,3000M Relay,Silver,China,CHN,1371220000.0,8027.6838101390695,winter,4.0,3.5,4.63,7.63,4.25,2.88,4.5,7.38,17.0,8.88,7.25,54.875
2002-01-01,Salt Lake City,Skating,Short Track Speed Skating,"YANG (A), Yang",Women,3000M Relay,Silver,China,CHN,1371220000.0,8027.6838101390695,winter,4.0,3.5,4.63,7.63,4.25,2.88,4.5,7.38,17.0,8.88,7.25,54.875
2002-01-01,Salt Lake City,Skating,Short Track Speed Skating,"YANG (S), Yang",Women,3000M Relay,Silver,China,CHN,1371220000.0,8027.6838101390695,winter,4.0,3.5,4.63,7.63,4.25,2.88,4.5,7.38,17.0,8.88,7.25,54.875
2002-01-01,Salt Lake City,Skating,Short Track Speed Skating,"AN, Yulong",Men,5000M Relay,Bronze,China,CHN,1371220000.0,8027.6838101390695,winter,4.0,3.5,4.63,7.63,4.25,2.88,4.5,7.38,17.0,8.88,7.25,54.875
2002-01-01,Salt Lake City,Skating,Short Track Speed Skating,"FENG, Kai",Men,5000M Relay,Bronze,China,CHN,1371220000.0,8027.6838101390695,winter,4.0,3.5,4.63,7.63,4.25,2.88,4.5,7.38,17.0,8.88,7.25,54.875
2002-01-01,Salt Lake City,Skating,Short Track Speed Skating,"GUO, Wei",Men,5000M Relay,Bronze,China,CHN,1371220000.0,8027.6838101390695,winter,4.0,3.5,4.63,7.63,4.25,2.88,4.5,7.38,17.0,8.88,7.25,54.875
2002-01-01,Salt Lake City,Skating,Short Track Speed Skating,"LI, JiaJun",Men,5000M Relay,Bronze,China,CHN,1371220000.0,8027.6838101390695,winter,4.0,3.5,4.63,7.63,4.25,2.88,4.5,7.38,17.0,8.88,7.25,54.875
2002-01-01,Salt Lake City,Skating,Short Track Speed Skating,"LI, Ye",Men,5000M Relay,Bronze,China,CHN,1371220000.0,8027.6838101390695,winter,4.0,3.5,4.63,7.63,4.25,2.88,4.5,7.38,17.0,8.88,7.25,54.875
2002-01-01,Salt Lake City,Skating,Short Track Speed Skating,"BEDARD, Eric",Men,5000M Relay,Gold,Canada,CAN,35851774.0,43248.529909341,winter,4.0,3.5,4.63,7.63,4.25,2.88,4.5,7.38,17.0,8.88,7.25,54.875
2002-01-01,Salt Lake City,Skating,Short Track Speed Skating,"GAGNON, Marc",Men,5000M Relay,Gold,Canada,CAN,35851774.0,43248.529909341,winter,4.0,3.5,4.63,7.63,4.25,2.88,4.5,7.38,17.0,8.88,7.25,54.875
2002-01-01,Salt Lake City,Skating,Short Track Speed Skating,"GUILMETTE, Jonathan",Men,5000M Relay,Gold,Canada,CAN,35851774.0,43248.529909341,winter,4.0,3.5,4.63,7.63,4.25,2.88,4.5,7.38,17.0,8.88,7.25,54.875
2002-01-01,Salt Lake City,Skating,Short Track Speed Skating,"TREMBLAY, Francois-Louis",Men,5000M Relay,Gold,Canada,CAN,35851774.0,43248.529909341,winter,4.0,3.5,4.63,7.63,4.25,2.88,4.5,7.38,17.0,8.88,7.25,54.875
2002-01-01,Salt Lake City,Skating,Short Track Speed Skating,"TURCOTTE, Mathieu",Men,5000M Relay,Gold,Canada,CAN,35851774.0,43248.529909341,winter,4.0,3.5,4.63,7.63,4.25,2.88,4.5,7.38,17.0,8.88,7.25,54.875
2002-01-01,Salt Lake City,Skating,Short Track Speed Skating,"ANTONIOLI, Michele",Men,5000M Relay,Silver,Italy,ITA,60802085.0,29957.804315437203,winter,4.0,3.5,4.63,7.63,4.25,2.88,4.5,7.38,17.0,8.88,7.25,54.875
2002-01-01,Salt Lake City,Skating,Short Track Speed Skating,"CARNINO, Maurizio",Men,5000M Relay,Silver,Italy,ITA,60802085.0,29957.804315437203,winter,4.0,3.5,4.63,7.63,4.25,2.88,4.5,7.38,17.0,8.88,7.25,54.875
2002-01-01,Salt Lake City,Skating,Short Track Speed Skating,"CARTA, Fabio",Men,5000M Relay,Silver,Italy,ITA,60802085.0,29957.804315437203,winter,4.0,3.5,4.63,7.63,4.25,2.88,4.5,7.38,17.0,8.88,7.25,54.875
2002-01-01,Salt Lake City,Skating,Short Track Speed Skating,"FRANCESCHINA, Nicola",Men,5000M Relay,Silver,Italy,ITA,60802085.0,29957.804315437203,winter,4.0,3.5,4.63,7.63,4.25,2.88,4.5,7.38,17.0,8.88,7.25,54.875
2002-01-01,Salt Lake City,Skating,Short Track Speed Skating,"RODIGARI, Nicola",Men,5000M Relay,Silver,Italy,ITA,60802085.0,29957.804315437203,winter,4.0,3.5,4.63,7.63,4.25,2.88,4.5,7.38,17.0,8.88,7.25,54.875
2002-01-01,Salt Lake City,Skating,Short Track Speed Skating,"SMITH, Rusty",Men,500M,Bronze,United States,USA,321418820.0,56115.7184261955,winter,4.0,3.5,4.63,7.63,4.25,2.88,4.5,7.38,17.0,8.88,7.25,54.875
2002-01-01,Salt Lake City,Skating,Short Track Speed Skating,"GAGNON, Marc",Men,500M,Gold,Canada,CAN,35851774.0,43248.529909341,winter,4.0,3.5,4.63,7.63,4.25,2.88,4.5,7.38,17.0,8.88,7.25,54.875
2002-01-01,Salt Lake City,Skating,Short Track Speed Skating,"GUILMETTE, Jonathan",Men,500M,Silver,Canada,CAN,35851774.0,43248.529909341,winter,4.0,3.5,4.63,7.63,4.25,2.88,4.5,7.38,17.0,8.88,7.25,54.875
2002-01-01,Salt Lake City,Skating,Short Track Speed Skating,"WANG, Chunlu",Women,500M,Bronze,China,CHN,1371220000.0,8027.6838101390695,winter,4.0,3.5,4.63,7.63,4.25,2.88,4.5,7.38,17.0,8.88,7.25,54.875
2002-01-01,Salt Lake City,Skating,Short Track Speed Skating,"YANG (A), Yang",Women,500M,Gold,China,CHN,1371220000.0,8027.6838101390695,winter,4.0,3.5,4.63,7.63,4.25,2.88,4.5,7.38,17.0,8.88,7.25,54.875
2002-01-01,Salt Lake City,Skating,Short Track Speed Skating,"RADANOVA, Evgenia",Women,500M,Silver,Bulgaria,BUL,7177991.0,6993.47735975728,winter,4.0,3.5,4.63,7.63,4.25,2.88,4.5,7.38,17.0,8.88,7.25,54.875
2002-01-01,Salt Lake City,Skiing,Cross Country Skiing,"BELMONDO, Stefania",Women,10KM,Bronze,Italy,ITA,60802085.0,29957.804315437203,winter,4.0,3.88,5.5,9,4.0,3.63,2.75,4.38,30.0,5.13,5.75,48.0
2002-01-01,Salt Lake City,Skiing,Cross Country Skiing,"SKARI, Bente",Women,10KM,Gold,Norway,NOR,5195921.0,74400.3697770928,winter,4.0,3.88,5.5,9,4.0,3.63,2.75,4.38,30.0,5.13,5.75,48.0
2002-01-01,Salt Lake City,Skiing,Cross Country Skiing,"TCHEPALOVA, Julija",Women,10KM,Silver,Russia,RUS,144096812.0,9092.580536068841,winter,4.0,3.88,5.5,9,4.0,3.63,2.75,4.38,30.0,5.13,5.75,48.0
2002-01-01,Salt Lake City,Skiing,Cross Country Skiing,"ELOFSSON, Per",Men,10KM Pursuit,Bronze,Sweden,SWE,9798871.0,50579.67364867769,winter,4.0,3.88,5.5,9,4.0,3.63,2.75,4.38,30.0,5.13,5.75,48.0
2002-01-01,Salt Lake City,Skiing,Cross Country Skiing,"ALSGAARD, Thomas",Men,10KM Pursuit,Gold,Norway,NOR,5195921.0,74400.3697770928,winter,4.0,3.88,5.5,9,4.0,3.63,2.75,4.38,30.0,5.13,5.75,48.0
2002-01-01,Salt Lake City,Skiing,Cross Country Skiing,"ESTIL, Frode",Men,10KM Pursuit,Gold,Norway,NOR,5195921.0,74400.3697770928,winter,4.0,3.88,5.5,9,4.0,3.63,2.75,4.38,30.0,5.13,5.75,48.0
2002-01-01,Salt Lake City,Skiing,Cross Country Skiing,"MAE, Jaak",Men,15KM,Bronze,Estonia,EST,1311998.0,17118.5042003236,winter,4.0,3.88,5.5,9,4.0,3.63,2.75,4.38,30.0,5.13,5.75,48.0
2002-01-01,Salt Lake City,Skiing,Cross Country Skiing,"VEERPALU, Andrus",Men,15KM,Gold,Estonia,EST,1311998.0,17118.5042003236,winter,4.0,3.88,5.5,9,4.0,3.63,2.75,4.38,30.0,5.13,5.75,48.0
2002-01-01,Salt Lake City,Skiing,Cross Country Skiing,"ESTIL, Frode",Men,15KM,Silver,Norway,NOR,5195921.0,74400.3697770928,winter,4.0,3.88,5.5,9,4.0,3.63,2.75,4.38,30.0,5.13,5.75,48.0
2002-01-01,Salt Lake City,Skiing,Cross Country Skiing,"TCHEPALOVA, Julija",Women,15KM Mass Start,Bronze,Russia,RUS,144096812.0,9092.580536068841,winter,4.0,3.88,5.5,9,4.0,3.63,2.75,4.38,30.0,5.13,5.75,48.0
2002-01-01,Salt Lake City,Skiing,Cross Country Skiing,"BELMONDO, Stefania",Women,15KM Mass Start,Gold,Italy,ITA,60802085.0,29957.804315437203,winter,4.0,3.88,5.5,9,4.0,3.63,2.75,4.38,30.0,5.13,5.75,48.0
2002-01-01,Salt Lake City,Skiing,Cross Country Skiing,"NEUMANNOVA, Katerina",Women,15KM Mass Start,Silver,Czech Republic,CZE,10551219.0,17548.3382129701,winter,4.0,3.88,5.5,9,4.0,3.63,2.75,4.38,30.0,5.13,5.75,48.0
2002-01-01,Salt Lake City,Skiing,Cross Country Skiing,"SKARI, Bente",Women,30KM,Bronze,Norway,NOR,5195921.0,74400.3697770928,winter,4.0,3.88,5.5,9,4.0,3.63,2.75,4.38,30.0,5.13,5.75,48.0
2002-01-01,Salt Lake City,Skiing,Cross Country Skiing,"PARUZZI, Gabriella",Women,30KM,Gold,Italy,ITA,60802085.0,29957.804315437203,winter,4.0,3.88,5.5,9,4.0,3.63,2.75,4.38,30.0,5.13,5.75,48.0
2002-01-01,Salt Lake City,Skiing,Cross Country Skiing,"BELMONDO, Stefania",Women,30KM,Silver,Italy,ITA,60802085.0,29957.804315437203,winter,4.0,3.88,5.5,9,4.0,3.63,2.75,4.38,30.0,5.13,5.75,48.0
2002-01-01,Salt Lake City,Skiing,Cross Country Skiing,"SKJELDAL, Kristen",Men,30KM Mass Start,Bronze,Norway,NOR,5195921.0,74400.3697770928,winter,4.0,3.88,5.5,9,4.0,3.63,2.75,4.38,30.0,5.13,5.75,48.0
2002-01-01,Salt Lake City,Skiing,Cross Country Skiing,"HOFFMANN, Christian",Men,30KM Mass Start,Gold,Austria,AUT,8611088.0,43774.985173612,winter,4.0,3.88,5.5,9,4.0,3.63,2.75,4.38,30.0,5.13,5.75,48.0
2002-01-01,Salt Lake City,Skiing,Cross Country Skiing,"BOTVINOV, Mikhail",Men,30KM Mass Start,Silver,Austria,AUT,8611088.0,43774.985173612,winter,4.0,3.88,5.5,9,4.0,3.63,2.75,4.38,30.0,5.13,5.75,48.0
2002-01-01,Salt Lake City,Skiing,Cross Country Skiing,"ANGERER, Tobias",Men,4X10KM Relay,Bronze,Germany,GER,81413145.0,41313.3139945434,winter,4.0,3.88,5.5,9,4.0,3.63,2.75,4.38,30.0,5.13,5.75,48.0
2002-01-01,Salt Lake City,Skiing,Cross Country Skiing,"FILBRICH, Jens",Men,4X10KM Relay,Bronze,Germany,GER,81413145.0,41313.3139945434,winter,4.0,3.88,5.5,9,4.0,3.63,2.75,4.38,30.0,5.13,5.75,48.0
2002-01-01,Salt Lake City,Skiing,Cross Country Skiing,"SCHLUETTER, Andreas",Men,4X10KM Relay,Bronze,Germany,GER,81413145.0,41313.3139945434,winter,4.0,3.88,5.5,9,4.0,3.63,2.75,4.38,30.0,5.13,5.75,48.0
2002-01-01,Salt Lake City,Skiing,Cross Country Skiing,"SOMMERFELDT, Rene",Men,4X10KM Relay,Bronze,Germany,GER,81413145.0,41313.3139945434,winter,4.0,3.88,5.5,9,4.0,3.63,2.75,4.38,30.0,5.13,5.75,48.0
2002-01-01,Salt Lake City,Skiing,Cross Country Skiing,"ALSGAARD, Thomas",Men,4X10KM Relay,Gold,Norway,NOR,5195921.0,74400.3697770928,winter,4.0,3.88,5.5,9,4.0,3.63,2.75,4.38,30.0,5.13,5.75,48.0
2002-01-01,Salt Lake City,Skiing,Cross Country Skiing,"AUKLAND, Anders",Men,4X10KM Relay,Gold,Norway,NOR,5195921.0,74400.3697770928,winter,4.0,3.88,5.5,9,4.0,3.63,2.75,4.38,30.0,5.13,5.75,48.0
2002-01-01,Salt Lake City,Skiing,Cross Country Skiing,"ESTIL, Frode",Men,4X10KM Relay,Gold,Norway,NOR,5195921.0,74400.3697770928,winter,4.0,3.88,5.5,9,4.0,3.63,2.75,4.38,30.0,5.13,5.75,48.0
2002-01-01,Salt Lake City,Skiing,Cross Country Skiing,"SKJELDAL, Kristen",Men,4X10KM Relay,Gold,Norway,NOR,5195921.0,74400.3697770928,winter,4.0,3.88,5.5,9,4.0,3.63,2.75,4.38,30.0,5.13,5.75,48.0
2002-01-01,Salt Lake City,Skiing,Cross Country Skiing,"DI CENTA, Giorgio",Men,4X10KM Relay,Silver,Italy,ITA,60802085.0,29957.804315437203,winter,4.0,3.88,5.5,9,4.0,3.63,2.75,4.38,30.0,5.13,5.75,48.0
2002-01-01,Salt Lake City,Skiing,Cross Country Skiing,"MAJ, Fabio",Men,4X10KM Relay,Silver,Italy,ITA,60802085.0,29957.804315437203,winter,4.0,3.88,5.5,9,4.0,3.63,2.75,4.38,30.0,5.13,5.75,48.0
2002-01-01,Salt Lake City,Skiing,Cross Country Skiing,"PILLER COTTRER, Pietro",Men,4X10KM Relay,Silver,Italy,ITA,60802085.0,29957.804315437203,winter,4.0,3.88,5.5,9,4.0,3.63,2.75,4.38,30.0,5.13,5.75,48.0
2002-01-01,Salt Lake City,Skiing,Cross Country Skiing,"ZORZI, Cristian",Men,4X10KM Relay,Silver,Italy,ITA,60802085.0,29957.804315437203,winter,4.0,3.88,5.5,9,4.0,3.63,2.75,4.38,30.0,5.13,5.75,48.0
2002-01-01,Salt Lake City,Skiing,Cross Country Skiing,"ALBRECHT LORETAN, Brigitte",Women,4X5KM Relay,Bronze,Switzerland,SUI,8286976.0,80945.0792194742,winter,4.0,3.88,5.5,9,4.0,3.63,2.75,4.38,30.0,5.13,5.75,48.0
2002-01-01,Salt Lake City,Skiing,Cross Country Skiing,"HUBER, Andrea",Women,4X5KM Relay,Bronze,Switzerland,SUI,8286976.0,80945.0792194742,winter,4.0,3.88,5.5,9,4.0,3.63,2.75,4.38,30.0,5.13,5.75,48.0
2002-01-01,Salt Lake City,Skiing,Cross Country Skiing,"LEONARDI CORTESI, Natascia",Women,4X5KM Relay,Bronze,Switzerland,SUI,8286976.0,80945.0792194742,winter,4.0,3.88,5.5,9,4.0,3.63,2.75,4.38,30.0,5.13,5.75,48.0
2002-01-01,Salt Lake City,Skiing,Cross Country Skiing,"ROCHAT, Laurence",Women,4X5KM Relay,Bronze,Switzerland,SUI,8286976.0,80945.0792194742,winter,4.0,3.88,5.5,9,4.0,3.63,2.75,4.38,30.0,5.13,5.75,48.0
2002-01-01,Salt Lake City,Skiing,Cross Country Skiing,"BAUER, Viola",Women,4X5KM Relay,Gold,Germany,GER,81413145.0,41313.3139945434,winter,4.0,3.88,5.5,9,4.0,3.63,2.75,4.38,30.0,5.13,5.75,48.0
2002-01-01,Salt Lake City,Skiing,Cross Country Skiing,"HENKEL, Manuela",Women,4X5KM Relay,Gold,Germany,GER,81413145.0,41313.3139945434,winter,4.0,3.88,5.5,9,4.0,3.63,2.75,4.38,30.0,5.13,5.75,48.0
2002-01-01,Salt Lake City,Skiing,Cross Country Skiing,"KUENZEL, Claudia",Women,4X5KM Relay,Gold,Germany,GER,81413145.0,41313.3139945434,winter,4.0,3.88,5.5,9,4.0,3.63,2.75,4.38,30.0,5.13,5.75,48.0
2002-01-01,Salt Lake City,Skiing,Cross Country Skiing,"SACHENBACHER, Evi",Women,4X5KM Relay,Gold,Germany,GER,81413145.0,41313.3139945434,winter,4.0,3.88,5.5,9,4.0,3.63,2.75,4.38,30.0,5.13,5.75,48.0
2002-01-01,Salt Lake City,Skiing,Cross Country Skiing,"BJOERGEN, Marit",Women,4X5KM Relay,Silver,Norway,NOR,5195921.0,74400.3697770928,winter,4.0,3.88,5.5,9,4.0,3.63,2.75,4.38,30.0,5.13,5.75,48.0
2002-01-01,Salt Lake City,Skiing,Cross Country Skiing,"MOEN, Anita",Women,4X5KM Relay,Silver,Norway,NOR,5195921.0,74400.3697770928,winter,4.0,3.88,5.5,9,4.0,3.63,2.75,4.38,30.0,5.13,5.75,48.0
2002-01-01,Salt Lake City,Skiing,Cross Country Skiing,"PEDERSEN, Hilde G",Women,4X5KM Relay,Silver,Norway,NOR,5195921.0,74400.3697770928,winter,4.0,3.88,5.5,9,4.0,3.63,2.75,4.38,30.0,5.13,5.75,48.0
2002-01-01,Salt Lake City,Skiing,Cross Country Skiing,"SKARI, Bente",Women,4X5KM Relay,Silver,Norway,NOR,5195921.0,74400.3697770928,winter,4.0,3.88,5.5,9,4.0,3.63,2.75,4.38,30.0,5.13,5.75,48.0
2002-01-01,Salt Lake City,Skiing,Cross Country Skiing,"HJELMESET, Odd-Bjoern",Men,50KM,Bronze,Norway,NOR,5195921.0,74400.3697770928,winter,4.0,3.88,5.5,9,4.0,3.63,2.75,4.38,30.0,5.13,5.75,48.0
2002-01-01,Salt Lake City,Skiing,Cross Country Skiing,"IVANOV, Mikhail",Men,50KM,Gold,Russia,RUS,144096812.0,9092.580536068841,winter,4.0,3.88,5.5,9,4.0,3.63,2.75,4.38,30.0,5.13,5.75,48.0
2002-01-01,Salt Lake City,Skiing,Cross Country Skiing,"VEERPALU, Andrus",Men,50KM,Silver,Estonia,EST,1311998.0,17118.5042003236,winter,4.0,3.88,5.5,9,4.0,3.63,2.75,4.38,30.0,5.13,5.75,48.0
2002-01-01,Salt Lake City,Skiing,Cross Country Skiing,"BAUER, Viola",Women,5Km Pursuit,Bronze,Germany,GER,81413145.0,41313.3139945434,winter,4.0,3.88,5.5,9,4.0,3.63,2.75,4.38,30.0,5.13,5.75,48.0
2002-01-01,Salt Lake City,Skiing,Cross Country Skiing,"SCOTT, Beckie",Women,5Km Pursuit,Gold,Canada,CAN,35851774.0,43248.529909341,winter,4.0,3.88,5.5,9,4.0,3.63,2.75,4.38,30.0,5.13,5.75,48.0
2002-01-01,Salt Lake City,Skiing,Cross Country Skiing,"NEUMANNOVA, Katerina",Women,5Km Pursuit,Silver,Czech Republic,CZE,10551219.0,17548.3382129701,winter,4.0,3.88,5.5,9,4.0,3.63,2.75,4.38,30.0,5.13,5.75,48.0
2002-01-01,Salt Lake City,Skiing,Cross Country Skiing,"ZORZI, Cristian",Men,Sprint 1.5KM,Bronze,Italy,ITA,60802085.0,29957.804315437203,winter,4.0,3.88,5.5,9,4.0,3.63,2.75,4.38,30.0,5.13,5.75,48.0
2002-01-01,Salt Lake City,Skiing,Cross Country Skiing,"HETLAND, Tor Arne",Men,Sprint 1.5KM,Gold,Norway,NOR,5195921.0,74400.3697770928,winter,4.0,3.88,5.5,9,4.0,3.63,2.75,4.38,30.0,5.13,5.75,48.0
2002-01-01,Salt Lake City,Skiing,Cross Country Skiing,"SCHLICKENRIEDER, Peter",Men,Sprint 1.5KM,Silver,Germany,GER,81413145.0,41313.3139945434,winter,4.0,3.88,5.5,9,4.0,3.63,2.75,4.38,30.0,5.13,5.75,48.0
2002-01-01,Salt Lake City,Skiing,Cross Country Skiing,"MOEN, Anita",Women,Sprint 1.5KM,Bronze,Norway,NOR,5195921.0,74400.3697770928,winter,4.0,3.88,5.5,9,4.0,3.63,2.75,4.38,30.0,5.13,5.75,48.0
2002-01-01,Salt Lake City,Skiing,Cross Country Skiing,"TCHEPALOVA, Julija",Women,Sprint 1.5KM,Gold,Russia,RUS,144096812.0,9092.580536068841,winter,4.0,3.88,5.5,9,4.0,3.63,2.75,4.38,30.0,5.13,5.75,48.0
2002-01-01,Salt Lake City,Skiing,Cross Country Skiing,"SACHENBACHER, Evi",Women,Sprint 1.5KM,Silver,Germany,GER,81413145.0,41313.3139945434,winter,4.0,3.88,5.5,9,4.0,3.63,2.75,4.38,30.0,5.13,5.75,48.0
2002-01-01,Salt Lake City,Skiing,Freestyle Skiing,"GRISHIN, Alexei",Men,Aerials,Bronze,Belarus,BLR,9513000.0,5740.4564947956205,winter,6.63,3.88,5.13,4.13,6.88,4.13,6.63,4.88,25.0,5.13,5.13,52.5
2002-01-01,Salt Lake City,Skiing,Freestyle Skiing,"VALENTA, Ales",Men,Aerials,Gold,Czech Republic,CZE,10551219.0,17548.3382129701,winter,6.63,3.88,5.13,4.13,6.88,4.13,6.63,4.88,25.0,5.13,5.13,52.5
2002-01-01,Salt Lake City,Skiing,Freestyle Skiing,"PACK, Joe",Men,Aerials,Silver,United States,USA,321418820.0,56115.7184261955,winter,6.63,3.88,5.13,4.13,6.88,4.13,6.63,4.88,25.0,5.13,5.13,52.5
2002-01-01,Salt Lake City,Skiing,Freestyle Skiing,"DIONNE, Deidra",Women,Aerials,Bronze,Canada,CAN,35851774.0,43248.529909341,winter,6.63,3.88,5.13,4.13,6.88,4.13,6.63,4.88,25.0,5.13,5.13,52.5
2002-01-01,Salt Lake City,Skiing,Freestyle Skiing,"CAMPLIN, Alisa",Women,Aerials,Gold,Australia,AUS,23781169.0,56310.9629933721,winter,6.63,3.88,5.13,4.13,6.88,4.13,6.63,4.88,25.0,5.13,5.13,52.5
2002-01-01,Salt Lake City,Skiing,Freestyle Skiing,"BRENNER, Veronica",Women,Aerials,Silver,Canada,CAN,35851774.0,43248.529909341,winter,6.63,3.88,5.13,4.13,6.88,4.13,6.63,4.88,25.0,5.13,5.13,52.5
2002-01-01,Salt Lake City,Skiing,Freestyle Skiing,"GAY, Richard",Men,Moguls,Bronze,France,FRA,66808385.0,36205.5681017036,winter,6.63,3.88,5.13,4.13,6.88,4.13,6.63,4.88,25.0,5.13,5.13,52.5
2002-01-01,Salt Lake City,Skiing,Freestyle Skiing,"LAHTELA, Janne",Men,Moguls,Gold,Finland,FIN,5482013.0,42311.0362306446,winter,6.63,3.88,5.13,4.13,6.88,4.13,6.63,4.88,25.0,5.13,5.13,52.5
2002-01-01,Salt Lake City,Skiing,Freestyle Skiing,"MAYER, Travis",Men,Moguls,Silver,United States,USA,321418820.0,56115.7184261955,winter,6.63,3.88,5.13,4.13,6.88,4.13,6.63,4.88,25.0,5.13,5.13,52.5
2002-01-01,Salt Lake City,Skiing,Freestyle Skiing,"SATOYA, Tae",Women,Moguls,Bronze,Japan,JPN,126958472.0,32477.215144923397,winter,6.63,3.88,5.13,4.13,6.88,4.13,6.63,4.88,25.0,5.13,5.13,52.5
2002-01-01,Salt Lake City,Skiing,Freestyle Skiing,"TRAA, Kari",Women,Moguls,Gold,Norway,NOR,5195921.0,74400.3697770928,winter,6.63,3.88,5.13,4.13,6.88,4.13,6.63,4.88,25.0,5.13,5.13,52.5
2002-01-01,Salt Lake City,Skiing,Freestyle Skiing,"BAHRKE, Shannon",Women,Moguls,Silver,United States,USA,321418820.0,56115.7184261955,winter,6.63,3.88,5.13,4.13,6.88,4.13,6.63,4.88,25.0,5.13,5.13,52.5
2002-01-01,Salt Lake City,Skiing,Ski Jumping,"HAUTAMAEKI, Matti",Men,K120 Individual (90M),Bronze,Finland,FIN,5482013.0,42311.0362306446,winter,4.0,3.5,4.63,3.5,5.0,4.38,9.0,5.75,29.0,4.63,4.5,48.875
2002-01-01,Salt Lake City,Skiing,Ski Jumping,"AMMANN, Simon",Men,K120 Individual (90M),Gold,Switzerland,SUI,8286976.0,80945.0792194742,winter,4.0,3.5,4.63,3.5,5.0,4.38,9.0,5.75,29.0,4.63,4.5,48.875
2002-01-01,Salt Lake City,Skiing,Ski Jumping,"MALYSZ, Adam",Men,K120 Individual (90M),Silver,Poland,POL,37999494.0,12554.547553631299,winter,4.0,3.5,4.63,3.5,5.0,4.38,9.0,5.75,29.0,4.63,4.5,48.875
2002-01-01,Salt Lake City,Skiing,Ski Jumping,"FRAS, Damjan",Men,K120 Team (90M),Bronze,Slovenia,SLO,2063768.0,20726.5398863708,winter,4.0,3.5,4.63,3.5,5.0,4.38,9.0,5.75,29.0,4.63,4.5,48.875
2002-01-01,Salt Lake City,Skiing,Ski Jumping,"KRANJEC, Robert",Men,K120 Team (90M),Bronze,Slovenia,SLO,2063768.0,20726.5398863708,winter,4.0,3.5,4.63,3.5,5.0,4.38,9.0,5.75,29.0,4.63,4.5,48.875
2002-01-01,Salt Lake City,Skiing,Ski Jumping,"PETERKA, Primoz",Men,K120 Team (90M),Bronze,Slovenia,SLO,2063768.0,20726.5398863708,winter,4.0,3.5,4.63,3.5,5.0,4.38,9.0,5.75,29.0,4.63,4.5,48.875
2002-01-01,Salt Lake City,Skiing,Ski Jumping,"ZONTA, Peter",Men,K120 Team (90M),Bronze,Slovenia,SLO,2063768.0,20726.5398863708,winter,4.0,3.5,4.63,3.5,5.0,4.38,9.0,5.75,29.0,4.63,4.5,48.875
2002-01-01,Salt Lake City,Skiing,Ski Jumping,"HANNAWALD, Sven",Men,K120 Team (90M),Gold,Germany,GER,81413145.0,41313.3139945434,winter,4.0,3.5,4.63,3.5,5.0,4.38,9.0,5.75,29.0,4.63,4.5,48.875
2002-01-01,Salt Lake City,Skiing,Ski Jumping,"HOCKE, Stephan",Men,K120 Team (90M),Gold,Germany,GER,81413145.0,41313.3139945434,winter,4.0,3.5,4.63,3.5,5.0,4.38,9.0,5.75,29.0,4.63,4.5,48.875
2002-01-01,Salt Lake City,Skiing,Ski Jumping,"SCHMITT, Martin",Men,K120 Team (90M),Gold,Germany,GER,81413145.0,41313.3139945434,winter,4.0,3.5,4.63,3.5,5.0,4.38,9.0,5.75,29.0,4.63,4.5,48.875
2002-01-01,Salt Lake City,Skiing,Ski Jumping,"UHRMANN, Michael",Men,K120 Team (90M),Gold,Germany,GER,81413145.0,41313.3139945434,winter,4.0,3.5,4.63,3.5,5.0,4.38,9.0,5.75,29.0,4.63,4.5,48.875
2002-01-01,Salt Lake City,Skiing,Ski Jumping,"AHONEN, Janne",Men,K120 Team (90M),Silver,Finland,FIN,5482013.0,42311.0362306446,winter,4.0,3.5,4.63,3.5,5.0,4.38,9.0,5.75,29.0,4.63,4.5,48.875
2002-01-01,Salt Lake City,Skiing,Ski Jumping,"HAUTAMAEKI, Matti",Men,K120 Team (90M),Silver,Finland,FIN,5482013.0,42311.0362306446,winter,4.0,3.5,4.63,3.5,5.0,4.38,9.0,5.75,29.0,4.63,4.5,48.875
2002-01-01,Salt Lake City,Skiing,Ski Jumping,"JUSSILAINEN, Risto",Men,K120 Team (90M),Silver,Finland,FIN,5482013.0,42311.0362306446,winter,4.0,3.5,4.63,3.5,5.0,4.38,9.0,5.75,29.0,4.63,4.5,48.875
2002-01-01,Salt Lake City,Skiing,Ski Jumping,"LINDSTROEM, Veli-Matti",Men,K120 Team (90M),Silver,Finland,FIN,5482013.0,42311.0362306446,winter,4.0,3.5,4.63,3.5,5.0,4.38,9.0,5.75,29.0,4.63,4.5,48.875
2002-01-01,Salt Lake City,Skiing,Ski Jumping,"MALYSZ, Adam",Men,K90 Individual (70M),Bronze,Poland,POL,37999494.0,12554.547553631299,winter,4.0,3.5,4.63,3.5,5.0,4.38,9.0,5.75,29.0,4.63,4.5,48.875
2002-01-01,Salt Lake City,Skiing,Ski Jumping,"AMMANN, Simon",Men,K90 Individual (70M),Gold,Switzerland,SUI,8286976.0,80945.0792194742,winter,4.0,3.5,4.63,3.5,5.0,4.38,9.0,5.75,29.0,4.63,4.5,48.875
2002-01-01,Salt Lake City,Skiing,Ski Jumping,"HANNAWALD, Sven",Men,K90 Individual (70M),Silver,Germany,GER,81413145.0,41313.3139945434,winter,4.0,3.5,4.63,3.5,5.0,4.38,9.0,5.75,29.0,4.63,4.5,48.875
